"method","AUC"
"GeoSVG-3D",0.999820075757576
"scBSP",0.977755681818182
