"method","TP","FP","FN","TN","power","precision"
"GeoSVG-3D",120,33,0,847,1,0.784313725490196
"scBSP",106,49,14,831,0.883333333333333,0.683870967741935
