"gene","p0g","geosvg_pred","scbsp_pvalue","scbsp_pred","spark_pvalue","spark_pred","sparkx_pvalue","sparkx_pred","raw_zero_prop","category"
"ABCC9",0,1,0.797210585465799,0,2.50566377284348e-15,1,1,0,0.996309161962657,"GeoSVG-3D only"
"ADAMTS15",0,1,0.698689309355295,0,5.26511354574676e-08,1,1,0,0.992401215805471,"GeoSVG-3D only"
"ADCY1",0,1,0.509852708567111,0,0.254787953733677,0,1,0,0.983282674772036,"GeoSVG-3D only"
"ADCYAP1R1",0,1,0.000993940845895436,1,5.55465258928979e-15,1,8.62660530990174e-29,1,0.684107685627443,"Both"
"ADORA1",0,1,0.0410402552857829,0,0.000495652057930601,1,0.00103367375431546,1,0.917607468519323,"GeoSVG-3D only"
"ADORA2B",0,1,0.835490257927631,0,2.50566377284348e-15,1,1,0,0.995332175423361,"GeoSVG-3D only"
"ADORA3",0,1,0.877759556084306,0,3.08030734496979e-15,1,0.855450419804667,0,0.996526270082501,"GeoSVG-3D only"
"ADRA1B",0,1,0.733221527829778,0,2.50566377284348e-15,1,1,0,0.992509769865393,"GeoSVG-3D only"
"ADRB1",0,1,0.333997211880076,0,1.12183353984424e-06,1,7.78567323748195e-07,1,0.982957012592271,"GeoSVG-3D only"
"ADRB3",0,1,0.51282742638932,0,2.50566377284348e-15,1,0.90468550617979,0,0.997937472861485,"GeoSVG-3D only"
"AGRP",0,1,0.661438910949406,0,0.0718988118144397,0,0.935762091006229,0,0.992075553625706,"GeoSVG-3D only"
"ALCAM",0,1,0.00772066937095428,1,2.50566377284348e-15,1,1.9933146457647e-23,1,0.817520625271385,"Both"
"ANPEP",0,1,0.871570557510017,0,0.00542520121745599,1,1,0,0.996309161962657,"GeoSVG-3D only"
"ANXA11",0,1,0.212176549667132,0,2.19688982303706e-12,1,1.38110254631103e-08,1,0.972210160660009,"GeoSVG-3D only"
"ARG1",0,1,0.948545333864258,0,1,0,1,0,0.997394702561876,"GeoSVG-3D only"
"ARHGAP36",0,1,0.0583859723430435,0,2.50566377284348e-15,1,1.27845260996301e-14,1,0.942249240121581,"GeoSVG-3D only"
"ARSJ",0,1,0.674574890659896,0,1,0,0.931080794526037,0,0.994789405123752,"GeoSVG-3D only"
"ASS1",0,1,0.0056639021064101,1,2.50566377284348e-15,1,1.21773939730511e-39,1,0.807316543638732,"Both"
"AVP",0,1,0.616305368592702,0,8.26151319643286e-07,1,0.00278716804828052,1,0.995549283543204,"GeoSVG-3D only"
"B3GAT2",0,1,0.1715932790269,0,0.0178492515271235,1,0.000913025951896546,1,0.962765957446808,"GeoSVG-3D only"
"BAIAP2L1",0,1,0.880993781745501,0,0.320121896426599,0,0.110696866863534,0,0.996309161962657,"GeoSVG-3D only"
"BDKRB2",0,1,0.760784863377068,0,1,0,0.892106594513762,0,0.995006513243595,"GeoSVG-3D only"
"BMP3",0,1,0.620326901878847,0,6.07133708016704e-06,1,1,0,0.994572297003908,"GeoSVG-3D only"
"C1QL2",0,1,0.801570003173041,0,0.00216249566729373,1,0.00753831624232361,1,0.993703864524533,"GeoSVG-3D only"
"C1QTNF7",0,1,0.72846155793937,0,0.292699136449213,0,1,0,0.99706904038211,"GeoSVG-3D only"
"CACNA2D2",0,1,0.00342109294277071,1,2.50566377284348e-15,1,4.73251501173362e-27,1,0.764112027789839,"Both"
"CACNG4",0,1,0.0421325707348063,0,2.54062037092218e-06,1,1.45299909407722e-10,1,0.902627008250109,"GeoSVG-3D only"
"CALB2",0,1,0.00524001095024562,1,2.50566377284348e-15,1,2.26156288309876e-37,1,0.841185410334346,"Both"
"CALCR",0,1,0.00238434413433986,1,3.08030734496979e-15,1,1.60531582681847e-53,1,0.895570994355189,"Both"
"CAMK2D",0,1,0.00129119223192198,1,2.50566377284348e-15,1,2.90925467133368e-25,1,0.719279201042119,"Both"
"CAR4",0,1,0.102186633453097,0,2.2634995327459e-06,1,1.50641319254644e-12,1,0.973078593139383,"GeoSVG-3D only"
"CAR8",0,1,0.424986128871974,0,0.000829251164674547,1,0.00191149809804635,1,0.973295701259227,"GeoSVG-3D only"
"CBLN2",0,1,0.00644359099417335,1,2.50566377284348e-15,1,1.00252318864492e-46,1,0.869843682153713,"Both"
"CBLN4",0,1,0.0252458121814114,0,2.50566377284348e-15,1,4.87301309815785e-13,1,0.903603994789405,"GeoSVG-3D only"
"CBS",0,1,0.212741816471518,0,0.211006824399164,0,0.0965970530569853,0,0.957121146330873,"GeoSVG-3D only"
"CCK",0,1,0.0468768669245178,0,2.50566377284348e-15,1,5.11505240535395e-49,1,0.958858011289622,"GeoSVG-3D only"
"CCKBR",0,1,0.720643802478203,0,0.00944125930038597,1,0.606115422311796,0,0.992726877985237,"GeoSVG-3D only"
"CCND2",0,1,0.0561461276782499,0,0.0373895775810143,1,0.251290456937472,0,0.950933564915328,"GeoSVG-3D only"
"CCSAP",0,1,0.203172297844081,0,3.08030734496979e-15,1,3.17432897064707e-30,1,0.964719930525402,"GeoSVG-3D only"
"CD93",0,1,0.850928903911797,0,0.0943423063020875,0,0.812158850258554,0,0.996309161962657,"GeoSVG-3D only"
"CDC20",0,1,0.799305007815848,0,0.00217783316032338,1,1,0,0.996960486322188,"GeoSVG-3D only"
"CDH7",0,1,0.0930983420502082,0,2.4838052713435e-06,1,3.08960960055803e-10,1,0.947242726877985,"GeoSVG-3D only"
"CDK1",0,1,0.919354148866406,0,1.23159363802595e-05,1,1,0,0.997828918801563,"GeoSVG-3D only"
"CFAP58",0,1,0.873050388152094,0,1,0,1,0,0.996417716022579,"GeoSVG-3D only"
"CFH",0,1,0.948971986018655,0,0.712950030749452,0,1,0,0.997611810681719,"GeoSVG-3D only"
"CHRM1",0,1,0.074066468826894,0,2.50566377284348e-15,1,6.65174558725151e-89,1,0.963091619626574,"GeoSVG-3D only"
"CHRM4",0,1,0.151491403306791,0,3.08030734496979e-15,1,4.98095248168631e-29,1,0.971884498480243,"GeoSVG-3D only"
"CHRM5",0,1,0.26239096830293,0,2.17201158940178e-14,1,2.41650482481712e-06,1,0.964719930525402,"GeoSVG-3D only"
"CLDN19",0,1,0.79304405598858,0,0.45438993035182,0,1,0,0.993812418584455,"GeoSVG-3D only"
"CLU",0,1,1.31836369121618e-06,1,2.50566377284348e-15,1,8.75521319012116e-57,1,0.176183239253148,"Both"
"CNN1",0,1,0.915876130675713,0,0.00144588712546862,1,1,0,0.997611810681719,"GeoSVG-3D only"
"CNR2",0,1,0.988658574449743,0,1,0,1,0,0.999023013460703,"GeoSVG-3D only"
"COCH",0,1,0.185067902003179,0,1.9444100962111e-10,1,3.96062879096831e-06,1,0.977637863656101,"GeoSVG-3D only"
"COL12A1",0,1,0.924973557750268,0,1,0,0.360160923249643,0,0.99706904038211,"GeoSVG-3D only"
"COL19A1",0,1,0.810206931483536,0,0.798638758993051,0,0.152049025375745,0,0.993812418584455,"GeoSVG-3D only"
"COL20A1",0,1,0.699521324800832,0,9.58981168164425e-10,1,0.629294770549739,0,0.991641337386018,"GeoSVG-3D only"
"COL24A1",0,1,0.860627408891965,0,3.08030734496979e-15,1,1,0,0.998914459400782,"GeoSVG-3D only"
"COL3A1",0,1,0.647104694945243,0,0.483767314453292,0,1,0,0.987733391228832,"GeoSVG-3D only"
"COL5A1",0,1,0.891583254838881,0,3.70571835514645e-05,1,1,0,0.997503256621798,"GeoSVG-3D only"
"CORO6",0,1,0.754407077372807,0,1,0,1,0,0.995549283543204,"GeoSVG-3D only"
"CORT",0,1,0.929830996579553,0,1,0,1,0,0.996743378202345,"GeoSVG-3D only"
"CPA6",0,1,0.834761645951648,0,7.1467829483789e-08,1,0.00441279360830027,1,0.997177594442032,"GeoSVG-3D only"
"CPB1",0,1,0.87630084544518,0,3.0398981584082e-10,1,1,0,0.996960486322188,"GeoSVG-3D only"
"CPLX3",0,1,0.431693198968351,0,1.97541285413347e-08,1,1.84867688458152e-24,1,0.990121580547112,"GeoSVG-3D only"
"CPNE5",0,1,0.183668074448718,0,4.47852010373536e-07,1,0.000201945265660315,1,0.94811115935736,"GeoSVG-3D only"
"CRCT1",0,1,0.899760868846166,0,0.592326303371932,0,1,0,0.996526270082501,"GeoSVG-3D only"
"CRH",0,1,0.516697533656113,0,2.85512741710851e-08,1,0.000283583133364516,1,0.987516283108988,"GeoSVG-3D only"
"CSRP2",0,1,0.150958383503171,0,0.00062418205703583,1,2.30964582942493e-05,1,0.962765957446808,"GeoSVG-3D only"
"CUX2",0,1,0.225264859199932,0,0.0021146585634717,1,0.0305193905804215,1,0.963308727746418,"GeoSVG-3D only"
"DAPL1",0,1,0.819928246880535,0,3.30705449750652e-11,1,0.548157469884366,0,0.995657837603126,"GeoSVG-3D only"
"DCN",0,1,0.337200216406961,0,0.00572102668175711,1,0.00144935595554205,1,0.973295701259227,"GeoSVG-3D only"
"DDIT4L",0,1,0.586483924675844,0,1.84111968350162e-06,1,0.0241934745880132,1,0.991966999565784,"GeoSVG-3D only"
"DGKK",0,1,0.0149492650613682,0,2.50566377284348e-15,1,1.96283896221456e-33,1,0.895679548415111,"GeoSVG-3D only"
"DKK3",0,1,0.000661332590295327,1,3.08030734496979e-15,1,2.96248138095455e-13,1,0.764003473729918,"Both"
"DLX2",0,1,0.692247633610836,0,0.0912771984939215,0,1,0,0.991966999565784,"GeoSVG-3D only"
"EBF3",0,1,0.00215226309268934,1,2.50566377284348e-15,1,3.85036129951265e-61,1,0.877442466348241,"Both"
"ELFN1",0,1,0.0932241255557358,0,3.08030734496979e-15,1,6.20204459212737e-08,1,0.944963091619627,"GeoSVG-3D only"
"EMID1",0,1,0.490158064336384,0,7.22457768209661e-05,1,0.245091565341332,0,0.988710377768129,"GeoSVG-3D only"
"EMX2",0,1,0.254970202713964,0,0.000280552955549767,1,3.58017708349356e-08,1,0.989470256187581,"GeoSVG-3D only"
"EN1",0,1,0.928199330776524,0,0.0261804724925525,1,1,0,0.996960486322188,"GeoSVG-3D only"
"EPHA7",0,1,0.0260806981720726,0,5.62680214181246e-10,1,1.52970162413824e-08,1,0.922275293095962,"GeoSVG-3D only"
"ETV1",0,1,0.177923051976121,0,5.55465258928979e-15,1,0.00291948895049752,1,0.955927051671733,"GeoSVG-3D only"
"FAM169B",0,1,0.694680804463678,0,0.0107259557419356,1,1,0,0.992184107685627,"GeoSVG-3D only"
"FAM183B",0,1,0.25528784150532,0,5.55465258928979e-15,1,3.62503348910407e-07,1,0.967867998263135,"GeoSVG-3D only"
"FAM92B",0,1,0.708915552842211,0,0.00420115266544507,1,0.545795862947924,0,0.994246634824142,"GeoSVG-3D only"
"FAT2",0,1,0.785251741969967,0,0.00148781590583061,1,1,0,0.995766391663048,"GeoSVG-3D only"
"FERMT1",0,1,0.881631310963248,0,0.202667688529073,0,0.792888021456195,0,0.996092053842814,"GeoSVG-3D only"
"FEZF1",0,1,0.373853140680782,0,5.55465258928979e-15,1,1.83322732398434e-17,1,0.981328701693443,"GeoSVG-3D only"
"FEZF2",0,1,0.214645340774355,0,1.57477495420343e-11,1,5.16789048802729e-31,1,0.98643074250977,"GeoSVG-3D only"
"GABRA5",0,1,0.0568432127833173,0,2.50566377284348e-15,1,1.19453643246626e-14,1,0.95223621363439,"GeoSVG-3D only"
"GABRQ",0,1,0.181392555181591,0,3.08030734496979e-15,1,1.94367072602245e-09,1,0.956795484151107,"GeoSVG-3D only"
"GCHFR",0,1,0.616355593602808,0,6.9989200157979e-07,1,0.00542528209291002,1,0.992726877985237,"GeoSVG-3D only"
"GFRA1",0,1,0.0207743146362996,0,2.50566377284348e-15,1,5.17005740312444e-09,1,0.879830655666522,"GeoSVG-3D only"
"GHRHR",0,1,0.971329340720819,0,1,0,1,0,0.998588797221016,"GeoSVG-3D only"
"GLRA3",0,1,0.169942289051468,0,6.22535072474776e-05,1,5.97513638224775e-07,1,0.954407294832827,"GeoSVG-3D only"
"GPSM3",0,1,0.251970037738602,0,3.95483384929699e-06,1,0.701146848279549,0,0.991098567086409,"GeoSVG-3D only"
"GPX3",0,1,0.0918848098666616,0,3.08030734496979e-15,1,1.05657354998532e-10,1,0.931068171949631,"GeoSVG-3D only"
"GRM3",0,1,0.0624918403861846,0,1.56985157016306e-07,1,3.75503650977748e-10,1,0.940946591402518,"GeoSVG-3D only"
"HAP1",0,1,1.7783967721674e-05,1,3.08030734496979e-15,1,1.83546307204842e-108,1,0.270842379504994,"Both"
"HAPLN1",0,1,0.423636776371554,0,2.17201158940178e-14,1,0.00911941195274025,1,0.97698653929657,"GeoSVG-3D only"
"HCRTR2",0,1,0.747084462928667,0,1,0,1,0,0.994572297003908,"GeoSVG-3D only"
"HDC",0,1,0.332289643343581,0,7.20142509197211e-12,1,0.0253214982630897,1,0.980460269214069,"GeoSVG-3D only"
"HOXA5",0,1,0.723503506809661,0,2.50566377284348e-15,1,0.0748188010854331,0,0.994246634824142,"GeoSVG-3D only"
"HOXA9",0,1,0.717214080856347,0,1,0,1,0,0.996851932262267,"GeoSVG-3D only"
"HOXB5",0,1,0.679992293906708,0,1,0,1,0,0.992618323925315,"GeoSVG-3D only"
"HOXB7",0,1,0.986092955022395,0,2.50566377284348e-15,1,1,0,0.999348675640469,"GeoSVG-3D only"
"HPCAL1",0,1,0.00611619998073887,1,2.50566377284348e-15,1,7.86198616690088e-37,1,0.753582283977421,"Both"
"HS3ST2",0,1,0.211493505560428,0,3.23480648262846e-05,1,0.0493694994670292,1,0.969387755102041,"GeoSVG-3D only"
"HS3ST4",0,1,0.161434698668647,0,0.0125762654116165,1,0.250917787826095,0,0.964937038645245,"GeoSVG-3D only"
"HTR2B",0,1,0.929426754149379,0,5.55465258928979e-15,1,1,0,0.997394702561876,"GeoSVG-3D only"
"HTR2C",0,1,0.044300978333199,0,5.55465258928979e-15,1,6.03773008841153e-13,1,0.924880590534086,"GeoSVG-3D only"
"IGFBP2",0,1,0.0587988637305762,0,2.50566377284348e-15,1,1.51429712862295e-10,1,0.94518019973947,"GeoSVG-3D only"
"IGFBP4",0,1,0.037574775660719,0,5.55465258928979e-15,1,2.93441132710624e-27,1,0.953647416413374,"GeoSVG-3D only"
"IGFBP6",0,1,0.239919978143581,0,2.77904081994341e-07,1,1.65226061157641e-16,1,0.98469387755102,"GeoSVG-3D only"
"IGSF8",0,1,0.000171097227146588,1,3.08030734496979e-15,1,7.14317066337408e-41,1,0.490230134607034,"Both"
"IL1R1",0,1,0.358181232387975,0,0.0126261713499079,1,0.00174250950876965,1,0.96993052540165,"GeoSVG-3D only"
"INHBA",0,1,0.41898974551955,0,7.06528923458556e-06,1,0.0244744508465036,1,0.989253148067738,"GeoSVG-3D only"
"INMT",0,1,0.634474337227078,0,0.712950030749452,0,0.381472210199379,0,0.993595310464611,"GeoSVG-3D only"
"INSRR",0,1,0.948483495594179,0,0.17180376232679,0,0.792888021456195,0,0.997394702561876,"GeoSVG-3D only"
"IRX4",0,1,0.695418616226895,0,0.282262774315079,0,1,0,0.994572297003908,"GeoSVG-3D only"
"ITIH3",0,1,0.000161467865697373,1,3.08030734496979e-15,1,1.53496762339801e-178,1,0.685410334346505,"Both"
"JUNB",0,1,0.457595972000024,0,0.194403259152189,0,0.394409969716791,0,0.981871471993053,"GeoSVG-3D only"
"KCNAB3",0,1,0.155139165800813,0,3.08030734496979e-15,1,1.18141691249041e-11,1,0.960160660008684,"GeoSVG-3D only"
"KCNC3",0,1,0.21966612188733,0,3.08030734496979e-15,1,1.27141351727674e-07,1,0.970147633521494,"GeoSVG-3D only"
"KCNG1",0,1,0.216893943939241,0,3.08030734496979e-15,1,3.64780792375788e-43,1,0.983825445071646,"GeoSVG-3D only"
"KCNH8",0,1,0.778379942662787,0,1,0,0.940524776934153,0,0.994246634824142,"GeoSVG-3D only"
"KCNMB2",0,1,0.805038799485846,0,0.00032450455606909,1,1,0,0.992618323925315,"GeoSVG-3D only"
"KCNS1",0,1,0.613595487753744,0,2.25374720055588e-06,1,9.2489223449703e-09,1,0.993812418584455,"GeoSVG-3D only"
"KISS1R",0,1,0.850807154075034,0,2.50566377284348e-15,1,1,0,0.99587494572297,"GeoSVG-3D only"
"KIT",0,1,0.575089175954999,0,1.66402222366809e-07,1,0.166608348442594,0,0.990990013026487,"GeoSVG-3D only"
"KITL",0,1,0.756043026968994,0,0.0442349341901185,1,0.0144969492104329,1,0.994572297003908,"GeoSVG-3D only"
"KLHL1",0,1,0.00732334210131969,1,2.50566377284348e-15,1,2.31408215859195e-30,1,0.860725141120278,"Both"
"KRT12",0,1,0.454047222758944,0,0.0190823304763745,1,0.0840354856360713,0,0.985670864090317,"GeoSVG-3D only"
"KRT15",0,1,0.959194289428783,0,1.32356956229171e-13,1,9.30345719188226e-07,1,0.997177594442032,"GeoSVG-3D only"
"KRT27",0,1,0.662375337442451,0,0.0123639186343537,1,4.36894878889233e-08,1,0.989036039947894,"GeoSVG-3D only"
"LAMP5",0,1,0.0768306058311757,0,2.50566377284348e-15,1,5.79623718126774e-24,1,0.968844984802432,"GeoSVG-3D only"
"LANCL3",0,1,0.828537205016658,0,2.34076018211684e-12,1,1,0,0.99706904038211,"GeoSVG-3D only"
"LCN2",0,1,0.962148431787435,0,2.50566377284348e-15,1,1,0,0.998914459400782,"GeoSVG-3D only"
"LEFTY1",0,1,0.934780874412703,0,1,0,1,0,0.997720364741641,"GeoSVG-3D only"
"LHX8",0,1,0.930799569599901,0,2.50566377284348e-15,1,0.0602271475388798,0,0.99880590534086,"GeoSVG-3D only"
"LMO1",0,1,0.0527039553340827,0,3.08030734496979e-15,1,1.01754561122483e-07,1,0.938341293964394,"GeoSVG-3D only"
"LPAR3",0,1,0.834401999496502,0,1.10536481408e-05,1,1,0,0.997720364741641,"GeoSVG-3D only"
"LPL",0,1,0.120064735273712,0,2.50566377284348e-15,1,8.95264347516787e-38,1,0.980894485453756,"GeoSVG-3D only"
"LSAMP",0,1,6.77889090084927e-05,1,3.08030734496979e-15,1,1.72660960709984e-52,1,0.508033000434216,"Both"
"LTK",0,1,0.128361055456329,0,3.77531717379729e-11,1,2.96248138095455e-13,1,0.95462440295267,"GeoSVG-3D only"
"LY6A",0,1,0.974062232373752,0,1,0,1,0,0.997720364741641,"GeoSVG-3D only"
"LY6G6E",0,1,0.67853160550003,0,2.28782064330209e-11,1,0.00190288727553641,1,0.996960486322188,"GeoSVG-3D only"
"LYPD6B",0,1,0.236296460079232,0,3.08030734496979e-15,1,4.73523690038489e-09,1,0.970690403821103,"GeoSVG-3D only"
"MAOB",0,1,0.0910794848205633,0,6.66957351849063e-12,1,0.00095046344689464,1,0.95223621363439,"GeoSVG-3D only"
"MAP3K7CL",0,1,0.928578594890344,0,1.02685222162848e-10,1,0.0262530634568013,1,0.996851932262267,"GeoSVG-3D only"
"MDGA1",0,1,0.00382928108186165,1,2.50566377284348e-15,1,1.58053373440704e-25,1,0.849109856708641,"Both"
"MFGE8",0,1,0.0171824783031915,0,3.08030734496979e-15,1,9.38194900943599e-11,1,0.893617021276596,"GeoSVG-3D only"
"MGP",0,1,0.426669784968475,0,0.00347871093260685,1,1,0,0.98349978289188,"GeoSVG-3D only"
"MLC1",0,1,0.0129940990987225,0,0.562249605106032,0,4.95144875952267e-11,1,0.825987841945289,"GeoSVG-3D only"
"MMP2",0,1,0.620044698892955,0,2.50566377284348e-15,1,0.0974260784843668,0,0.995223621363439,"GeoSVG-3D only"
"MPZ",0,1,0.938037057885836,0,1,0,1,0,0.997611810681719,"GeoSVG-3D only"
"MRAP2",0,1,0.0357738868288936,0,1.53055769944761e-13,1,2.96968284560958e-11,1,0.919887103777681,"GeoSVG-3D only"
"MRC1",0,1,0.665120422385472,0,4.83259980034699e-05,1,0.380984588661466,0,0.990447242726878,"GeoSVG-3D only"
"MRGPRD",0,1,0.918937057032535,0,1,0,1,0,0.998154580981329,"GeoSVG-3D only"
"MS4A15",0,1,0.969329142903584,0,1,0,1,0,0.997937472861485,"GeoSVG-3D only"
"MTNR1A",0,1,0.919588588123885,0,1,0,1,0,0.996309161962657,"GeoSVG-3D only"
"MUSTN1",0,1,0.581531041706621,0,2.50566377284348e-15,1,1,0,0.994463742943986,"GeoSVG-3D only"
"NEUROD2",0,1,0.355986984043796,0,0.0634338029069445,0,5.30028737473519e-06,1,0.981220147633522,"GeoSVG-3D only"
"NEUROD6",0,1,0.0131419518107921,0,9.76818185071501e-13,1,1.61466792683684e-27,1,0.956469821971342,"GeoSVG-3D only"
"NMS",0,1,0.835629914999455,0,2.50566377284348e-15,1,0.0604577767805861,0,0.995332175423361,"GeoSVG-3D only"
"NOTUM",0,1,0.491301168930798,0,1.24884460643204e-10,1,0.0080254114621715,1,0.978831958315241,"GeoSVG-3D only"
"NOV",0,1,0.250358992251641,0,5.55465258928979e-15,1,1.28616770280034e-16,1,0.969604863221885,"GeoSVG-3D only"
"NPBWR1",0,1,0.878366307670934,0,2.50566377284348e-15,1,1,0,0.996960486322188,"GeoSVG-3D only"
"NPTX1",0,1,0.000359327666780596,1,2.50566377284348e-15,1,7.00223027183054e-27,1,0.716022579244464,"Both"
"NPY",0,1,0.259797333894535,0,2.50566377284348e-15,1,6.88815184959537e-08,1,0.983933999131568,"GeoSVG-3D only"
"NPY1R",0,1,0.927847554205304,0,1.68364625066672e-13,1,1,0,0.997611810681719,"GeoSVG-3D only"
"NPY4R",0,1,0.670685242004612,0,0.0425728505449661,1,0.274295859175616,0,0.991424229266175,"GeoSVG-3D only"
"NR4A3",0,1,0.54862721415452,0,6.97819201702478e-05,1,0.00471999543781569,1,0.989144594007816,"GeoSVG-3D only"
"NRGN",0,1,4.99708815393518e-06,1,5.55465258928979e-15,1,0,1,0.695614415979158,"Both"
"NTSR1",0,1,0.24058860614125,0,9.74147197846696e-11,1,2.59429544116878e-08,1,0.966565349544073,"GeoSVG-3D only"
"NTSR2",0,1,0.00823900846736036,1,3.08030734496979e-15,1,2.22585307763258e-22,1,0.847590099869735,"Both"
"NXPH1",0,1,0.0575404809008609,0,2.50566377284348e-15,1,1.77792697238479e-17,1,0.926726009552757,"GeoSVG-3D only"
"NYAP2",0,1,0.0179404394460803,0,3.08030734496979e-15,1,1.33379849455999e-21,1,0.858119843682154,"GeoSVG-3D only"
"OPRD1",0,1,0.706060340454423,0,3.12491545438627e-13,1,1,0,0.994029526704299,"GeoSVG-3D only"
"OSCP1",0,1,0.0247475486750799,0,0.0211714914031409,1,2.6460904079523e-16,1,0.860616587060356,"GeoSVG-3D only"
"OXT",0,1,0.769596155977565,0,1,0,0.237332187253362,0,0.991315675206253,"GeoSVG-3D only"
"PAK4",0,1,0.208468695299323,0,0.162194742642551,0,0.945583588907968,0,0.96993052540165,"GeoSVG-3D only"
"PARP14",0,1,0.472632879840508,0,0.000285107442636706,1,1,0,0.98936170212766,"GeoSVG-3D only"
"PDE1A",0,1,0.0798131800022717,0,3.08030734496979e-15,1,9.19066464699826e-18,1,0.931068171949631,"GeoSVG-3D only"
"PDGFRA",0,1,0.30818096112997,0,0.00100166474400126,1,0.000963849484604191,1,0.964177160225792,"GeoSVG-3D only"
"PDLIM1",0,1,0.700296201533726,0,0.709914132108324,0,0.451326664728627,0,0.993920972644377,"GeoSVG-3D only"
"PDZK1IP1",0,1,0.702018639424932,0,0.00967631193454241,1,0.119423977521102,0,0.993812418584455,"GeoSVG-3D only"
"PF4",0,1,0.93691545515635,0,3.05675759462599e-13,1,1,0,0.997286148501954,"GeoSVG-3D only"
"PGR15L",0,1,0.128383777123449,0,3.08030734496979e-15,1,2.94077626737009e-10,1,0.96873643074251,"GeoSVG-3D only"
"PIK3R3",0,1,0.098443987472928,0,1.8079565125513e-12,1,5.94490353884796e-09,1,0.937689969604863,"GeoSVG-3D only"
"PLCXD2",0,1,0.0207543248643239,0,3.08030734496979e-15,1,3.92458422845275e-20,1,0.851389491967,"GeoSVG-3D only"
"PMCH",0,1,0.000294230436373111,1,2.50566377284348e-15,1,1.23605497637224e-31,1,0.897307859313938,"Both"
"PNMT",0,1,0.675317349531946,0,3.08030734496979e-15,1,0.238577897905564,0,0.99587494572297,"GeoSVG-3D only"
"POMC",0,1,0.032070489459322,0,0.00190188373494135,1,9.04270129103868e-08,1,0.986864958749457,"GeoSVG-3D only"
"POU4F2",0,1,0.957354389904343,0,1,0,1,0,0.997720364741641,"GeoSVG-3D only"
"PPP1R3G",0,1,0.555914768750212,0,1,0,0.805616428300121,0,0.985453755970473,"GeoSVG-3D only"
"PRC1",0,1,0.955080139093944,0,1,0,1,0,0.996851932262267,"GeoSVG-3D only"
"PRKCG",0,1,0.219051525795017,0,9.38928157448661e-07,1,0.00616384891002742,1,0.968953538862353,"GeoSVG-3D only"
"PROCR",0,1,0.744514891399952,0,1,0,1,0,0.994029526704299,"GeoSVG-3D only"
"PRX",0,1,0.618882149183862,0,0.591079670473927,0,0.402580179385068,0,0.990990013026487,"GeoSVG-3D only"
"PTPRZ1",0,1,0.204190381009854,0,0.000288823595377281,1,1.29911829663043e-05,1,0.959509335649153,"GeoSVG-3D only"
"PVALB",0,1,0.0174376700110627,0,3.08030734496979e-15,1,3.91948596683646e-10,1,0.925531914893617,"GeoSVG-3D only"
"PYY",0,1,0.915581081909952,0,9.71255126380182e-08,1,1,0,0.997828918801563,"GeoSVG-3D only"
"RARRES1",0,1,0.593866815180508,0,2.50566377284348e-15,1,0.571316601476443,0,0.995332175423361,"GeoSVG-3D only"
"RASL10A",0,1,0.443245790381073,0,0.00084459765414411,1,0.466289928875667,0,0.988276161528441,"GeoSVG-3D only"
"RBP4",0,1,0.648858456015735,0,2.1504932083303e-13,1,0.00909353701073909,1,0.99294398610508,"GeoSVG-3D only"
"RELN",0,1,0.104689429948466,0,4.13940380856197e-09,1,0.000141835465211862,1,0.96168041684759,"GeoSVG-3D only"
"RGS14",0,1,0.833039199277244,0,1,0,1,0,0.994572297003908,"GeoSVG-3D only"
"RGS4",0,1,0.00459154295849196,1,2.50566377284348e-15,1,2.38681273553598e-13,1,0.788862353452019,"Both"
"RGS9",0,1,0.016362427707808,0,3.08030734496979e-15,1,1.64267165761027e-15,1,0.871146330872775,"GeoSVG-3D only"
"RPS24",0,1,2.52382116064931e-05,1,3.08030734496979e-15,1,8.25096318514749e-77,1,0.368323925314807,"Both"
"RSPO3",0,1,0.574882423337976,0,3.07651939945098e-11,1,1,0,0.993161094224924,"GeoSVG-3D only"
"RXFP1",0,1,0.521153559485427,0,2.50566377284348e-15,1,0.123224160473608,0,0.991315675206253,"GeoSVG-3D only"
"RXRG",0,1,0.0643407934089152,0,9.04514511267367e-07,1,6.92020804988944e-09,1,0.939426834563613,"GeoSVG-3D only"
"SAPCD2",0,1,0.225371590175154,0,3.08030734496979e-15,1,1.79603672863658e-48,1,0.968302214502822,"GeoSVG-3D only"
"SATB1",0,1,0.00239373671798537,1,2.50566377284348e-15,1,4.54215925603152e-08,1,0.843030829353018,"Both"
"SATB2",0,1,0.150850653131494,0,3.08030734496979e-15,1,1.16028847565536e-90,1,0.98881893182805,"GeoSVG-3D only"
"SCN4B",0,1,0.155878026643869,0,2.50566377284348e-15,1,6.29679292860906e-11,1,0.965262700825011,"GeoSVG-3D only"
"SCTR",0,1,0.934803745981118,0,0.0670175344499297,0,1,0,0.996417716022579,"GeoSVG-3D only"
"SEMA4D",0,1,0.0485051113025361,0,5.77672577971712e-09,1,3.81565910326652e-09,1,0.893725575336518,"GeoSVG-3D only"
"SEMA5A",0,1,0.0122182620634514,0,3.08030734496979e-15,1,2.99267786141207e-18,1,0.868323925314807,"GeoSVG-3D only"
"SEZ6",0,1,0.00107633835398857,1,2.50566377284348e-15,1,1.61904490183533e-32,1,0.71168041684759,"Both"
"SLA",0,1,0.420075325435583,0,0.0473707041759338,1,1,0,0.986213634389926,"GeoSVG-3D only"
"SLA2",0,1,0.844654893638702,0,1.36574632644429e-11,1,1,0,0.996417716022579,"GeoSVG-3D only"
"SLC17A7",0,1,0.187414420927332,0,3.08030734496979e-15,1,2.50603056743798e-32,1,0.976443768996961,"GeoSVG-3D only"
"SLC17A8",0,1,0.528745645550178,0,1.01671887377126e-05,1,0.0212412695915329,1,0.992292661745549,"GeoSVG-3D only"
"SLC18A3",0,1,0.727158495117201,0,0.0264147130755835,1,0.745331926642523,0,0.993269648284846,"GeoSVG-3D only"
"SLC30A3",0,1,0.0548260686037866,0,2.50566377284348e-15,1,2.19292596506172e-20,1,0.957121146330873,"GeoSVG-3D only"
"SLC47A1",0,1,0.877169627200369,0,0.204516102576409,0,1,0,0.996960486322188,"GeoSVG-3D only"
"SLC6A11",0,1,2.18329736423328e-06,1,2.50566377284348e-15,1,2.97709393398249e-126,1,0.390468953538862,"Both"
"SLC6A13",0,1,0.8345184911109,0,1,0,1,0,0.99587494572297,"GeoSVG-3D only"
"SLC6A2",0,1,0.902838948573683,0,6.90104176062564e-06,1,1,0,0.997503256621798,"GeoSVG-3D only"
"SLC6A3",0,1,0.979723192713089,0,6.94851330439221e-12,1,1,0,0.998480243161094,"GeoSVG-3D only"
"SLN",0,1,0.820776278958075,0,0.094093336849325,0,1,0,0.99587494572297,"GeoSVG-3D only"
"SMIM17",0,1,0.025929136773571,0,3.08030734496979e-15,1,1.00556476086318e-31,1,0.895788102475033,"GeoSVG-3D only"
"SMOC1",0,1,0.110877801805124,0,3.08030734496979e-15,1,2.99241814083343e-13,1,0.944420321320017,"GeoSVG-3D only"
"SNCG",0,1,0.000292304843911739,1,2.50566377284348e-15,1,7.50964974055873e-39,1,0.834129396439427,"Both"
"SOX11",0,1,0.613106030909597,0,2.50566377284348e-15,1,1,0,0.994029526704299,"GeoSVG-3D only"
"SOX14",0,1,0.810379544641073,0,2.50566377284348e-15,1,0.93166601361333,0,0.996526270082501,"GeoSVG-3D only"
"SPARC",0,1,2.16861760438114e-07,1,3.08030734496979e-15,1,4.0470591186479e-221,1,0.256621797655232,"Both"
"SPINK8",0,1,0.84245165698338,0,1,0,0.0633583347421555,0,0.995549283543204,"GeoSVG-3D only"
"ST18",0,1,0.047908749650124,0,3.08030734496979e-15,1,6.3505340349811e-05,1,0.928462874511507,"GeoSVG-3D only"
"STAC2",0,1,0.389283738201072,0,2.82619754108309e-06,1,0.428074260618676,0,0.982957012592271,"GeoSVG-3D only"
"STARD8",0,1,0.449394121551851,0,2.01156304042479e-05,1,0.931866686039344,0,0.992835432045158,"GeoSVG-3D only"
"STK32B",0,1,0.206144974258137,0,3.08030734496979e-15,1,3.40455022338766e-11,1,0.961354754667825,"GeoSVG-3D only"
"SULF1",0,1,0.0174507037823607,0,2.50566377284348e-15,1,3.93452931472997e-29,1,0.902952670429874,"GeoSVG-3D only"
"SULF2",0,1,0.0526687631605943,0,3.08030734496979e-15,1,1.65631051370582e-13,1,0.917716022579244,"GeoSVG-3D only"
"SUMO2",0,1,0.000329336612069242,1,5.31890279916295e-12,1,6.81211476302214e-29,1,0.592379504993487,"Both"
"TBR1",0,1,0.236303788384002,0,3.08030734496979e-15,1,3.97726664858835e-09,1,0.969821971341728,"GeoSVG-3D only"
"TCERG1L",0,1,0.28889883081748,0,0.0868512595442906,0,0.160145040075072,0,0.967759444203213,"GeoSVG-3D only"
"TCF4",0,1,0.011490280204947,0,2.50566377284348e-15,1,7.80557394160089e-12,1,0.83076422058185,"GeoSVG-3D only"
"TEDDM3",0,1,0.805455603078409,0,1,0,1,0,0.995766391663048,"GeoSVG-3D only"
"TIMP4",0,1,0.178835671376458,0,1,0,8.24804655241751e-07,1,0.948002605297438,"GeoSVG-3D only"
"TLX3",0,1,0.759872461071318,0,0.0724666374739443,0,0.345377268494911,0,0.993703864524533,"GeoSVG-3D only"
"TMEM119",0,1,0.885616655683848,0,0.49145196550881,0,1,0,0.99468085106383,"GeoSVG-3D only"
"TMEM132C",0,1,0.27987250878826,0,0.00424576883600123,1,0.0206438794114275,1,0.967650890143291,"GeoSVG-3D only"
"TMEM163",0,1,0.00970374499697824,1,2.50566377284348e-15,1,2.05468065535231e-29,1,0.881676074685193,"Both"
"TMEM233",0,1,0.876322203053548,0,3.08030734496979e-15,1,1.84381114710009e-09,1,0.99706904038211,"GeoSVG-3D only"
"TMEM255B",0,1,0.81390662108749,0,0.0047438776276475,1,1,0,0.994897959183674,"GeoSVG-3D only"
"TMEM72",0,1,0.765831333777741,0,0.00252044273389172,1,1,0,0.993052540165002,"GeoSVG-3D only"
"TNNT1",0,1,0.493258277815484,0,0.159520595881296,0,0.0340793322554384,1,0.995983499782892,"GeoSVG-3D only"
"TPH2",0,1,0.743702598691313,0,0.764630157078359,0,1,0,0.994138080764221,"GeoSVG-3D only"
"TUBGCP2",0,1,0.412754446512308,0,0.0292372563897633,1,0.137135397799253,0,0.979049066435085,"GeoSVG-3D only"
"TYRP1",0,1,0.850479766371445,0,0.240653789288474,0,0.763175932949166,0,0.996200607902736,"GeoSVG-3D only"
"UBE2C",0,1,0.898993187159076,0,1,0,0.97666831268342,0,0.996200607902736,"GeoSVG-3D only"
"UCN",0,1,0.925002254665367,0,6.10872215860463e-05,1,1,0,0.997828918801563,"GeoSVG-3D only"
"UGT8A",0,1,0.129631801738201,0,2.17201158940178e-14,1,3.92691613293184e-18,1,0.94691706469822,"GeoSVG-3D only"
"VCAN",0,1,0.309404926543875,0,0.29412724447929,0,0.000344059077106456,1,0.974706904038211,"GeoSVG-3D only"
"VGLL3",0,1,0.583530309746675,0,0.00246871477794661,1,1,0,0.991858445505862,"GeoSVG-3D only"
"VIP",0,1,0.374579649685717,0,5.46085709503013e-10,1,0.000309782719548291,1,0.989036039947894,"GeoSVG-3D only"
"VWF",0,1,0.811126117188737,0,0.036636422002889,1,0.165699724389371,0,0.996634824142423,"GeoSVG-3D only"
"WIF1",0,1,0.698669638762436,0,3.16497346434278e-05,1,0.0678818786364208,0,0.992726877985237,"GeoSVG-3D only"
"WNT2",0,1,0.911586563370614,0,1,0,1,0,0.995983499782892,"GeoSVG-3D only"
"ZFHX4",0,1,0.0144315059615213,0,2.50566377284348e-15,1,1.48393118168954e-43,1,0.877551020408163,"GeoSVG-3D only"
"DLX1",5e-04,1,0.818426435350721,0,2.35067357246743e-07,1,1,0,0.99706904038211,"GeoSVG-3D only"
"PROK2",5e-04,1,0.910533408062281,0,1,0,1,0,0.996417716022579,"GeoSVG-3D only"
"ECEL1",0.0015,1,0.0315097762137397,0,2.50566377284348e-15,1,3.33226700093045e-17,1,0.927811550151976,"GeoSVG-3D only"
"RORB",0.0015,1,0.0168713084236749,0,6.32220859113204e-11,1,1.15259894992187e-05,1,0.912396873643074,"GeoSVG-3D only"
"ZBTB20",0.0015,1,0.0644356845000779,0,2.24184297305654e-06,1,2.79495275062533e-05,1,0.927702996092054,"GeoSVG-3D only"
"KCNMB1",0.002,1,0.941703809837038,0,1,0,1,0,0.997177594442032,"GeoSVG-3D only"
"RASL11A",0.005,1,0.71898442470911,0,2.50566377284348e-15,1,1,0,0.993703864524533,"GeoSVG-3D only"
"MFSD2A",0.006,1,0.949052774098721,0,1.25791460684553e-08,1,1,0,0.998263135041251,"GeoSVG-3D only"
"MKI67",0.006,1,0.673440724664607,0,0.000466910776819787,1,1,0,0.992401215805471,"GeoSVG-3D only"
"NPFF",0.006,1,0.870429509939278,0,5.22872902942014e-06,1,1,0,0.995549283543204,"GeoSVG-3D only"
"GLRA1",0.007,1,0.0943190249335958,0,3.08030734496979e-15,1,1.54538626229731e-22,1,0.940295267042987,"GeoSVG-3D only"
"TRPV1",0.007,1,0.645739178889349,0,0.890388846106235,0,1,0,0.993595310464611,"GeoSVG-3D only"
"PAX8",0.0095,1,0.920862775504245,0,1,0,0.714470511663025,0,0.996743378202345,"GeoSVG-3D only"
"CDH13",0.0105,1,0.0122903539057979,0,2.50566377284348e-15,1,8.05782368665733e-18,1,0.835757707338254,"GeoSVG-3D only"
"AFP",0.0115,1,0.97611286787894,0,3.08030734496979e-15,1,1,0,0.999131567520625,"GeoSVG-3D only"
"GRIK1",0.012,1,0.0162003826871031,0,3.08030734496979e-15,1,5.20087665917012e-07,1,0.908271819366044,"GeoSVG-3D only"
"TCAP",0.0125,1,0.549170844902753,0,0.000493075074626192,1,0.00332355510531139,1,0.99174989144594,"GeoSVG-3D only"
"SEMA3A",0.0145,1,0.231756947942463,0,3.08030734496979e-15,1,2.8742134757486e-05,1,0.963960052105949,"GeoSVG-3D only"
"TACR1",0.015,1,0.648228440138131,0,0.000227612456656034,1,1,0,0.990990013026487,"GeoSVG-3D only"
"MYOC",0.017,1,0.25273456567879,0,2.50566377284348e-15,1,2.13478278097747e-06,1,0.984476769431177,"GeoSVG-3D only"
"TAX1BP3",0.028,1,0.784599063759242,0,1,0,1,0,0.992835432045158,"GeoSVG-3D only"
"CLIC6",0.031,1,0.457248005427524,0,1,0,0.0305120126128717,1,0.975141120277898,"GeoSVG-3D only"
"DKK1",0.032,1,0.911087506660685,0,0.0912771984939215,0,1,0,0.997828918801563,"GeoSVG-3D only"
"FOXP2",0.0385,1,0.164221201838859,0,3.08030734496979e-15,1,0.00048761494997654,1,0.956686930091185,"GeoSVG-3D only"
"SPHKAP",0.0455,1,0.017599814685278,0,3.75290610067522e-14,1,4.66864582520814e-11,1,0.838797221016066,"GeoSVG-3D only"
"VWC2L",0.0485,1,0.112267146408256,0,0.00084459765414411,1,3.56574159429057e-06,1,0.953104646113765,"GeoSVG-3D only"
"MFAP4",0.0495,1,0.762804382341784,0,7.88496656123656e-07,1,1,0,0.993052540165002,"GeoSVG-3D only"
"CLDN10",0.0505,1,0.901938755547858,0,3.08030734496979e-15,1,0.00255502600568573,1,0.996634824142423,"GeoSVG-3D only"
"CRIM1",0.0555,1,0.233826731823229,0,0.176216462477012,0,4.39984722839331e-06,1,0.948219713417282,"GeoSVG-3D only"
"GPX2",0.0605,1,0.640787283919956,0,2.2454683092204e-11,1,1,0,0.989253148067738,"GeoSVG-3D only"
"FBP2",0.063,1,0.889128078259832,0,0.0223464014082207,1,1,0,0.996200607902736,"GeoSVG-3D only"
"NELL1",0.066,1,0.0111322671661912,0,3.08030734496979e-15,1,6.37700444601381e-15,1,0.868432479374729,"GeoSVG-3D only"
"CCN4",0.072,1,0.907407468795517,0,2.50566377284348e-15,1,1,0,0.996634824142423,"GeoSVG-3D only"
"TEKT5",0.0745,1,0.0367016610808076,0,3.08030734496979e-15,1,2.12266505524914e-26,1,0.911962657403387,"GeoSVG-3D only"
"IYD",0.087,1,0.567799297853674,0,0.891198335624392,0,1,0,0.993703864524533,"GeoSVG-3D only"
"MEOX1",0.0915,1,0.813580862092439,0,3.08030734496979e-15,1,0.91647501550369,0,0.997503256621798,"GeoSVG-3D only"
"TFAP2D",0.0935,1,0.949337991806766,0,1.85959042223708e-09,1,1,0,0.997611810681719,"GeoSVG-3D only"
"CD74",0.096,1,0.117462410824578,0,5.55465258928979e-15,1,1.94367072602245e-09,1,0.959834997828919,"GeoSVG-3D only"
"LRG1",0.102,1,0.90212679223265,0,1,0,1,0,0.996634824142423,"GeoSVG-3D only"
"PBX3",0.107,1,0.340220292307012,0,0.152448506145672,0,0.0118215163604305,1,0.973295701259227,"GeoSVG-3D only"
"DLK1",0.1305,1,0.000148435251194567,1,3.08030734496979e-15,1,4.77269381201776e-151,1,0.682045158488927,"Both"
"SST",0.1365,1,0.0106578432408271,0,2.50566377284348e-15,1,3.80562245574927e-16,1,0.919561441597916,"GeoSVG-3D only"
"RLN3",0.142,1,0.755320862355878,0,3.23229484158669e-05,1,0.0030557603512536,1,0.991966999565784,"GeoSVG-3D only"
"TRP73",0.1625,1,0.804683060958369,0,1,0,1,0,0.994246634824142,"GeoSVG-3D only"
"SLC17A6",0.1875,1,0.0873103421414859,0,3.08030734496979e-15,1,5.02772254366343e-21,1,0.937038645245332,"GeoSVG-3D only"
"NXPH4",0.2885,1,0.310797834317994,0,2.50566377284348e-15,1,2.22328880549997e-05,1,0.982848458532349,"GeoSVG-3D only"
"TNF",0.317,1,0.657849104220955,0,1,0,1,0,0.991966999565784,"GeoSVG-3D only"
"NDST4",0.345,1,0.0486854375753978,0,2.85826064985694e-13,1,1.28159937720764e-12,1,0.931502388189318,"GeoSVG-3D only"
"ADA",0.3505,0,0.868568282883127,0,0.0328050629611978,1,1,0,0.996309161962657,"Neither"
"LMO3",0.3525,0,0.00190468909455543,1,2.50566377284348e-15,1,9.19564635530745e-58,1,0.874620060790274,"scBSP only"
"NDUFA4L2",0.3745,0,0.754622967832911,0,0.122534997282139,0,1,0,0.995223621363439,"Neither"
"CHRNA3",0.436,0,0.861762071328865,0,0.0192612492458042,1,0.224414952824332,0,0.995006513243595,"Neither"
"NPTX2",0.546,0,0.0167435817415325,0,2.50566377284348e-15,1,1.00230943188415e-12,1,0.898501953973079,"Neither"
"CRYM",0.6225,0,0.0913408874262487,0,2.50566377284348e-15,1,4.30193381453348e-88,1,0.970473295701259,"Neither"
"CHRNB3",0.637,0,0.789970422158799,0,0.199669034425281,0,1,0,0.994029526704299,"Neither"
"GRP",0.6965,0,0.226926761618796,0,0.0358334665503711,1,1,0,0.968953538862353,"Neither"
"GNRHR",0.7405,0,0.891642213801622,0,1,0,1,0,0.995983499782892,"Neither"
"CASR",0.755,0,0.888459169640862,0,0.00604566406516179,1,1,0,0.996200607902736,"Neither"
"ZMYM1",0.87,0,0.51399121698909,0,0.0329445190765309,1,1,0,0.980351715154147,"Neither"
"BRCA1",0.8885,0,0.841057419767621,0,0.000265631525135675,1,1,0,0.995332175423361,"Neither"
"ADM",0.896,0,0.614903026636328,0,2.50566377284348e-15,1,1,0,0.994355188884064,"Neither"
"HSPA1A",0.897,0,0.688185812054669,0,0.00128923661373401,1,0.772437228013905,0,0.994029526704299,"Neither"
"DPY19L1",0.899,0,0.0798327437497535,0,0.00605296181842466,1,2.27751834035984e-06,1,0.936170212765957,"Neither"
"GAD2",0.9055,0,9.65806570918382e-06,1,2.50566377284348e-15,1,3.48498582186171e-57,1,0.5283326096396,"scBSP only"
"RELL1",0.9215,0,0.428449704099677,0,0.924361538329496,0,0.0310139447937175,1,0.975032566217977,"Neither"
"SIX6",0.9275,0,0.899433633016965,0,2.76023926833409e-06,1,0.103206017078066,0,0.996851932262267,"Neither"
"RAMP3",0.9455,0,0.626426115726064,0,8.4506296361371e-07,1,0.91700185158119,0,0.989795918367347,"Neither"
"OTX1",0.951,0,0.690309227489613,0,6.18262667058294e-08,1,1,0,0.994572297003908,"Neither"
"GPR101",0.9555,0,0.110845509018968,0,3.08030734496979e-15,1,6.60490624240502e-11,1,0.958098132870169,"Neither"
"SLC13A3",0.9565,0,0.677436921460998,0,3.29564798002847e-13,1,1,0,0.995332175423361,"Neither"
"SNTB1",0.962,0,0.235256509664411,0,2.82275380389051e-05,1,4.01301504066232e-07,1,0.967976552323057,"Neither"
"GNA14",0.97,0,0.766705226691884,0,0.00916379585848826,1,0.0143078821991527,1,0.993378202344768,"Neither"
"TRH",0.9715,0,0.0117365181941705,0,2.50566377284348e-15,1,6.75998483834503e-12,1,0.95343030829353,"Neither"
"MC1R",0.972,0,0.825249770495279,0,6.33127782512882e-10,1,2.48448904694901e-08,1,0.995766391663048,"Neither"
"PRSS23",0.976,0,0.887825062170172,0,6.25040727644094e-07,1,0.00511969914997911,1,0.997611810681719,"Neither"
"CLEC2L",0.977,0,0.145443688739262,0,0.00456075474924053,1,3.75068604331823e-05,1,0.952670429874077,"Neither"
"SEMA3G",0.9775,0,0.485275499931254,0,0.00239723707914414,1,0.0619298770951991,0,0.983825445071646,"Neither"
"TUBA1C",0.987,0,0.894794079532346,0,1,0,1,0,0.997177594442032,"Neither"
"FAM107A",0.9875,0,0.0660577436849245,0,0.00220177287650374,1,7.47312860940153e-05,1,0.899804602692141,"Neither"
"A2M",0.989,0,0.903695979526523,0,0.120006774923441,0,1,0,0.995223621363439,"Neither"
"NPAS1",0.989,0,0.0832953480045251,0,2.50566377284348e-15,1,3.80040271140817e-33,1,0.962548849326965,"Neither"
"NR3C2",0.9895,0,0.0391900693142302,0,6.39925083888877e-08,1,9.77327354137382e-10,1,0.907077724706904,"Neither"
"VIPR1",0.99,0,0.288365199106234,0,5.55465258928979e-15,1,9.57157649566884e-14,1,0.983825445071646,"Neither"
"PEG10",0.9905,0,6.36137287999272e-05,1,3.08030734496979e-15,1,6.44597259220649e-128,1,0.575987841945289,"scBSP only"
"S100A4",0.991,0,0.870303150384661,0,0.679031961789965,0,1,0,0.994897959183674,"Neither"
"DLX5",0.993,0,0.68151543952586,0,0.0211714914031409,1,0.319938015811058,0,0.992835432045158,"Neither"
"TMC3",0.994,0,0.953231549035343,0,2.50566377284348e-15,1,0.900029414500068,0,0.997286148501954,"Neither"
"LUM",0.9945,0,0.90850391411341,0,1,0,1,0,0.997394702561876,"Neither"
"VSIG8",0.9955,0,0.881392265476422,0,0.000198897595432392,1,1,0,0.99468085106383,"Neither"
"GPR119",0.996,0,0.89996449079461,0,0.00997307238371847,1,0.00517646952168137,1,0.99587494572297,"Neither"
"LGI2",0.996,0,0.016598071254276,0,3.08030734496979e-15,1,5.07551706539619e-25,1,0.870929222752931,"Neither"
"ISL1",0.9965,0,0.777116266759054,0,2.50566377284348e-15,1,1,0,0.993920972644377,"Neither"
"CBR2",0.997,0,0.681182587731873,0,0.00302222133637455,1,0.752063720574641,0,0.993052540165002,"Neither"
"H2-AB1",0.9975,0,0.319731060984891,0,5.55465258928979e-15,1,0.000100082808915559,1,0.981762917933131,"Neither"
"CHRNA2",0.998,0,0.967999832180652,0,0.0144981408906455,1,1,0,0.997937472861485,"Neither"
"GRM6",0.998,0,0.716628596351073,0,0.939580463492377,0,0.530656875089289,0,0.994355188884064,"Neither"
"ARHGAP25",0.9985,0,0.853469233530054,0,1,0,1,0,0.993920972644377,"Neither"
"CPNE4",0.9985,0,0.043117748955339,0,5.55465258928979e-15,1,3.629211084142e-06,1,0.906534954407295,"Neither"
"CXCL1",0.9985,0,0.709709989671055,0,0.0875169464344645,0,1,0,0.995657837603126,"Neither"
"TACR2",0.9985,0,0.754262873494167,0,0.859567557436043,0,1,0,0.99468085106383,"Neither"
"CARD10",0.999,0,0.209944408687806,0,1.68389736959698e-05,1,2.77409684524075e-05,1,0.971775944420321,"Neither"
"HTR2A",0.999,0,0.655495650938468,0,0.00160772408684124,1,0.0177156117496646,1,0.98936170212766,"Neither"
"KCNG4",0.999,0,0.894043828875238,0,1,0,0.0716113238456264,0,0.99587494572297,"Neither"
"TM4SF4",0.999,0,0.763973626263014,0,6.44944909111183e-05,1,1,0,0.995983499782892,"Neither"
"ANGPT2",0.9995,0,0.839441321845882,0,5.69301862580442e-06,1,0.269807527697386,0,0.996092053842814,"Neither"
"CBLN1",0.9995,0,0.000457738409495811,1,2.50566377284348e-15,1,1.44375896233637e-48,1,0.826856274424663,"scBSP only"
"CXCL14",0.9995,0,0.00675685005112425,1,0.500026050727183,0,0.000196075778883353,1,0.867564046895354,"scBSP only"
"DPT",0.9995,0,0.938574393996422,0,0.346748799217517,0,1,0,0.996851932262267,"Neither"
"DRD4",0.9995,0,0.869470505287369,0,4.46923899179017e-06,1,0.141751834270695,0,0.996851932262267,"Neither"
"EGLN3",0.9995,0,0.54635522292938,0,0.0102497846611432,1,0.0332184730795143,1,0.986973512809379,"Neither"
"ESPN",0.9995,0,0.841723258091217,0,1,0,1,0,0.995223621363439,"Neither"
"PTHLH",0.9995,0,0.575009403125505,0,0.0221204067907679,1,1,0,0.988710377768129,"Neither"
"ABI3BP",1,0,0.787183764436614,0,1,0,1,0,0.991315675206253,"Neither"
"ACBD7",1,0,0.697463054434317,0,0.00413738739432599,1,1,0,0.991858445505862,"Neither"
"ACTA2",1,0,0.539620531878282,0,7.28454692723919e-06,1,0.505543612625957,0,0.980351715154147,"Neither"
"ADARB2",1,0,0.482957684154167,0,7.29846255842833e-05,1,0.447227461350141,0,0.986322188449848,"Neither"
"ADCYAP1",1,0,0.0067425918782078,1,2.50566377284348e-15,1,9.82268329252758e-11,1,0.920864090316978,"scBSP only"
"ADGRG2",1,0,0.522701973171476,0,6.06993651824443e-05,1,1,0,0.989253148067738,"Neither"
"ADGRG6",1,0,0.789847952825649,0,0.0627711198242765,0,1,0,0.992401215805471,"Neither"
"ADORA2A",1,0,0.579539484536474,0,4.82072589731715e-12,1,1.99844376632483e-06,1,0.991858445505862,"Neither"
"ADRB2",1,0,0.574128800428533,0,0.0912771984939215,0,1,0,0.987733391228832,"Neither"
"AGT",1,0,0.574947056412859,0,1,0,1,0,0.981871471993053,"Neither"
"AGTR2",1,0,0.444510069780066,0,5.55465258928979e-15,1,0.15182792482548,0,0.992075553625706,"Neither"
"AJAP1",1,0,0.0116132696617423,0,3.08030734496979e-15,1,5.27831560117939e-12,1,0.8702778983934,"Neither"
"ALDH3B2",1,0,0.754346517047646,0,1,0,1,0,0.992184107685627,"Neither"
"ANGPT4",1,0,0.759251110250334,0,0.0923032038302237,0,0.814839595491745,0,0.993052540165002,"Neither"
"ANKRD34B",1,0,0.49734193888963,0,1,0,0.666435903395273,0,0.985019539730786,"Neither"
"ANLN",1,0,0.236052191497889,0,0.000162431263492901,1,0.182724613768007,0,0.976769431176726,"Neither"
"ANXA1",1,0,0.553840334953354,0,1,0,0.0169615192542736,1,0.97937472861485,"Neither"
"APLN",1,0,0.12586623838675,0,2.95644837677098e-09,1,2.28689805837445e-06,1,0.94159791576205,"Neither"
"APLNR",1,0,0.995522698312726,0,1,0,1,0,0.999457229700391,"Neither"
"APOC1",1,0,0.516228592914495,0,0.323203943291906,0,0.497107224785543,0,0.98469387755102,"Neither"
"APOD",1,0,0.000349146425611235,1,2.50566377284348e-15,1,4.56854160947877e-78,1,0.726118106817195,"scBSP only"
"APOLD1",1,0,0.809711369219239,0,0.00523658084387935,1,1,0,0.992835432045158,"Neither"
"AQP1",1,0,0.954912778476326,0,1.68284997824311e-07,1,1,0,0.998046026921407,"Neither"
"AQP4",1,0,0.357735244626219,0,0.00237637574069984,1,0.842989612562752,0,0.969387755102041,"Neither"
"ARAP2",1,0,0.109668790105912,0,0.109011537590824,0,6.51396181982405e-05,1,0.949739470256188,"Neither"
"AREG",1,0,0.831315971238171,0,1,0,1,0,0.994355188884064,"Neither"
"ARHGAP6",1,0,0.110689658544063,0,2.50566377284348e-15,1,2.0039172586172e-38,1,0.958206686930091,"Neither"
"ASB4",1,0,0.180495182702592,0,2.50566377284348e-15,1,6.22313577961471e-12,1,0.967976552323057,"Neither"
"ASIC3",1,0,0.551659269968666,0,0.957337314231125,0,0.0162736114266428,1,0.985128093790708,"Neither"
"ASIC4",1,0,0.612959874595521,0,0.000647596378646393,1,0.496070528087863,0,0.988384715588363,"Neither"
"ATF3",1,0,0.546909045281532,0,0.0163664603538895,1,1,0,0.988276161528441,"Neither"
"ATP2A3",1,0,0.621044549766427,0,0.311071457039708,0,1,0,0.989253148067738,"Neither"
"ATP2B4",1,0,0.0644731744546665,0,2.50566377284348e-15,1,1.34707893528317e-34,1,0.945397307859314,"Neither"
"BAIAP3",1,0,0.00920464821025169,1,2.50566377284348e-15,1,9.181862518554e-30,1,0.76530612244898,"scBSP only"
"BARHL1",1,0,0.449662062003243,0,2.50566377284348e-15,1,3.35123975547195e-06,1,0.990447242726878,"Neither"
"BCL11B",1,0,0.233867083079769,0,2.50566377284348e-15,1,3.82292512645221e-26,1,0.978614850195397,"Neither"
"BCL6",1,0,0.726392979887308,0,2.50566377284348e-15,1,1,0,0.992401215805471,"Neither"
"BDKRB1",1,0,0.726118846680661,0,1,0,0.119423977521102,0,0.989470256187581,"Neither"
"BDNF",1,0,0.027857568897127,0,2.50566377284348e-15,1,2.06800431953492e-07,1,0.925857577073383,"Neither"
"BHLHE22",1,0,0.507296458270666,0,0.483767314453292,0,0.245991367624304,0,0.985887972210161,"Neither"
"BIRC2",1,0,0.851792600981386,0,1,0,0.45824861111559,0,0.993920972644377,"Neither"
"BIRC5",1,0,0.299503345289983,0,0.000535809027225047,1,0.0651973879181691,0,0.981980026052974,"Neither"
"BMP4",1,0,0.865746612853788,0,0.0220136020439232,1,1,0,0.996092053842814,"Neither"
"BRS3",1,0,0.64418021330266,0,0.0507671820593566,0,0.45558958093825,0,0.99174989144594,"Neither"
"C1QB",1,0,0.211823919029784,0,1,0,0.475983453278998,0,0.961029092488059,"Neither"
"C1QL1",1,0,0.496822747956617,0,8.27579531300567e-09,1,0.929325200335304,0,0.985670864090317,"Neither"
"C1QL3",1,0,0.0327278746890665,0,2.50566377284348e-15,1,9.87526596297212e-06,1,0.934867564046895,"Neither"
"C4B",1,0,0.0337153840903344,0,2.50566377284348e-15,1,3.19914153695847e-12,1,0.91272253582284,"Neither"
"CABP7",1,0,0.0412234667161059,0,3.08030734496979e-15,1,6.63612046377463e-24,1,0.924663482414242,"Neither"
"CACNA2D1",1,0,9.51151486598967e-05,1,2.50566377284348e-15,1,1.13989917059838e-42,1,0.646113764654798,"scBSP only"
"CADM1",1,0,0.000548315961228063,1,2.50566377284348e-15,1,1.57236559989798e-36,1,0.612462006079027,"scBSP only"
"CADM2",1,0,0.0696056908389971,0,3.08030734496979e-15,1,3.31834817158966e-07,1,0.939752496743378,"Neither"
"CALB1",1,0,0.111263333043279,0,2.50566377284348e-15,1,1.07828141727776e-24,1,0.94691706469822,"Neither"
"CALCA",1,0,0.664013427738043,0,0.00359543244386596,1,0.879857811726555,0,0.994463742943986,"Neither"
"CALCB",1,0,0.799725181890661,0,0.775126517945274,0,0.328304216979037,0,0.994897959183674,"Neither"
"CALCRL",1,0,0.0725945958235326,0,2.50566377284348e-15,1,2.08945095630091e-24,1,0.963960052105949,"Neither"
"CAR10",1,0,0.146813659857068,0,0.000664628168708346,1,1.32758147469071e-05,1,0.960160660008684,"Neither"
"CAR2",1,0,9.74785380930543e-05,1,2.50566377284348e-15,1,9.56117302752704e-70,1,0.667064698219713,"scBSP only"
"CAR3",1,0,0.733872844284436,0,0.0486737020482786,1,0.0621794566330685,0,0.991424229266175,"Neither"
"CARTPT",1,0,2.06685365489179e-08,1,2.50566377284348e-15,1,4.00141106087259e-84,1,0.798089448545376,"scBSP only"
"CASP4",1,0,0.614392317031846,0,1.30308499473015e-06,1,0.00226840047610858,1,0.987299174989145,"Neither"
"CASP8",1,0,0.429639096532345,0,2.55118492696911e-06,1,1,0,0.990013026487191,"Neither"
"CBLN3",1,0,0.643666051109021,0,3.75290610067522e-14,1,0.00587358698383258,1,0.99174989144594,"Neither"
"CCDC153",1,0,0.835036109526235,0,0.870008110550849,0,0.629294770549739,0,0.995766391663048,"Neither"
"CCKAR",1,0,0.614366327532934,0,0.00141927113350071,1,0.0427477915074936,1,0.988601823708207,"Neither"
"CCL24",1,0,0.657333174423097,0,0.00012389212797313,1,0.0170329493920128,1,0.990664350846722,"Neither"
"CCL3",1,0,0.616887661161111,0,0.00225003131775728,1,0.0139173587510472,1,0.99294398610508,"Neither"
"CCL4",1,0,0.21386908722359,0,9.02848704560111e-14,1,1,0,0.985019539730786,"Neither"
"CCL7",1,0,0.797483648832497,0,1,0,0.823641289495642,0,0.992835432045158,"Neither"
"CCNA1",1,0,0.799319354486235,0,0.168679099073154,0,1,0,0.992292661745549,"Neither"
"CCND1",1,0,0.481313661136222,0,0.235578959510249,0,0.167710378016291,0,0.98469387755102,"Neither"
"CCNE1",1,0,0.224897913301897,0,2.37915713913176e-13,1,1.57398180112988e-10,1,0.972101606600087,"Neither"
"CCP110",1,0,0.0216844423959979,0,1.31374186015254e-12,1,4.60685163273812e-16,1,0.868541033434651,"Neither"
"CCR6",1,0,0.729328366503979,0,1,0,1,0,0.995223621363439,"Neither"
"CCRL2",1,0,0.854389406367198,0,0.0114927664864012,1,1,0,0.994897959183674,"Neither"
"CD9",1,0,0.732581363600608,0,0.353164931543429,0,1,0,0.991315675206253,"Neither"
"CDHR1",1,0,0.815797183519738,0,1,0,1,0,0.99348675640469,"Neither"
"CDKL4",1,0,0.682285981698089,0,1,0,1,0,0.994789405123752,"Neither"
"CDKN1C",1,0,0.802742948409174,0,7.22457768209661e-05,1,1,0,0.993161094224924,"Neither"
"CEACAM10",1,0,0.949216302034996,0,1,0,1,0,0.997503256621798,"Neither"
"CEMIP",1,0,0.736867097406942,0,1.86758985525144e-07,1,1,0,0.99348675640469,"Neither"
"CENPF",1,0,0.69256093249795,0,0.0457792617836136,1,0.018759244428228,1,0.990772904906643,"Neither"
"CFAP126",1,0,0.883070888330415,0,0.00048972141687992,1,0.437938390415611,0,0.995657837603126,"Neither"
"CHAT",1,0,0.784224706228693,0,2.76236148531023e-07,1,1,0,0.994789405123752,"Neither"
"CHODL",1,0,0.502696834869127,0,9.04352205716835e-12,1,0.00170416543998415,1,0.987950499348676,"Neither"
"CHRM2",1,0,0.203288112644335,0,6.44944909111183e-05,1,1.78251765347613e-05,1,0.965154146765089,"Neither"
"CHRM3",1,0,0.490816809251745,0,0.000103033658656584,1,0.00638903552104896,1,0.98056882327399,"Neither"
"CHRNA6",1,0,0.82988653069324,0,1,0,1,0,0.994246634824142,"Neither"
"CITED1",1,0,0.331519698745619,0,0.0578067897453953,0,8.3740334743227e-05,1,0.976877985236648,"Neither"
"CKS2",1,0,0.367398958137161,0,2.44319541882719e-05,1,1,0,0.983825445071646,"Neither"
"CLCA3A1",1,0,0.590999555030699,0,0.662077585228161,0,0.893331187583714,0,0.985453755970473,"Neither"
"CLDN11",1,0,0.000375398026894458,1,2.50566377284348e-15,1,9.45164273795147e-32,1,0.754884932696483,"scBSP only"
"CLDN5",1,0,0.598746642815292,0,1,0,1,0,0.98881893182805,"Neither"
"CLIC5",1,0,0.47888569718519,0,0.00180440397792033,1,1,0,0.988493269648285,"Neither"
"CNKSR3",1,0,0.430451832886287,0,6.36616549636017e-09,1,0.311029088662665,0,0.987082066869301,"Neither"
"CNPY1",1,0,0.864377927633082,0,0.00468210023531476,1,1,0,0.993812418584455,"Neither"
"CNR1",1,0,0.857863629418747,0,0.458853992852084,0,1,0,0.992509769865393,"Neither"
"CNTNAP3",1,0,0.640812155581341,0,2.50566377284348e-15,1,9.01444748785975e-05,1,0.988710377768129,"Neither"
"COL11A1",1,0,0.671708922313041,0,1,0,1,0,0.989036039947894,"Neither"
"COL15A1",1,0,0.349392333509739,0,3.08030734496979e-15,1,0.0125709963955337,1,0.982414242292662,"Neither"
"COL18A1",1,0,0.314291747910174,0,5.55465258928979e-15,1,0.00514269432947171,1,0.977963525835866,"Neither"
"COL25A1",1,0,0.162814837063659,0,3.29258097145825e-05,1,1.64802673849941e-06,1,0.949413808076422,"Neither"
"COL6A1",1,0,0.411453172949628,0,2.50566377284348e-15,1,4.52234248689614e-58,1,0.986864958749457,"Neither"
"COL9A2",1,0,0.559503513337676,0,3.14328142583885e-05,1,0.102154309063542,0,0.99174989144594,"Neither"
"COX4I2",1,0,0.758781051303059,0,1.05817113709004e-09,1,0.515711706719077,0,0.994463742943986,"Neither"
"COX6A2",1,0,0.667187679460033,0,5.3623529396971e-06,1,0.530656875089289,0,0.993378202344768,"Neither"
"COX8B",1,0,0.931163765646282,0,1,0,1,0,0.996526270082501,"Neither"
"CPNE6",1,0,0.00161001259903282,1,2.50566377284348e-15,1,1.33871781634774e-51,1,0.719387755102041,"scBSP only"
"CPXM2",1,0,0.466999502742847,0,0.000941164187219346,1,1,0,0.983065566652193,"Neither"
"CRABP1",1,0,0.481719699668348,0,0.714231603658204,0,1,0,0.979917498914459,"Neither"
"CREB3L1",1,0,0.612093181137912,0,3.51824241478179e-14,1,0.0169436742399923,1,0.990230134607034,"Neither"
"CRHBP",1,0,0.826168615846588,0,0.00315060588439241,1,1,0,0.99348675640469,"Neither"
"CRHR1",1,0,0.725921340478388,0,0.483767314453292,0,0.127228813447201,0,0.990338688666956,"Neither"
"CRHR2",1,0,0.863420425429491,0,1,0,1,0,0.995332175423361,"Neither"
"CRISP1",1,0,0.871983216068932,0,2.50566377284348e-15,1,0.712082690103374,0,0.995440729483283,"Neither"
"CRISPLD2",1,0,0.794040468103753,0,1,0,1,0,0.993052540165002,"Neither"
"CSF1R",1,0,0.389329694471226,0,1,0,0.164635025781324,0,0.975466782457664,"Neither"
"CSPG5",1,0,0.194932805676211,0,5.55465258928979e-15,1,5.2831898037351e-10,1,0.954841511072514,"Neither"
"CST3",1,0,1.10641113986176e-05,1,2.50566377284348e-15,1,1.80962442892375e-67,1,0.27301346070343,"scBSP only"
"CTGF",1,0,0.319942572390048,0,1,0,1,0,0.969496309161963,"Neither"
"CTPS",1,0,0.0187722493544603,0,0.000173069285195988,1,1.00087559289103e-11,1,0.865284411636995,"Neither"
"CTSC",1,0,0.923111972835698,0,0.560093670198767,0,0.0246445492207137,1,0.995766391663048,"Neither"
"CTSS",1,0,0.153923929219944,0,0.00313236702352094,1,1.3504237433313e-07,1,0.95516717325228,"Neither"
"CTXN3",1,0,0.481564451653446,0,1,0,0.672430167242965,0,0.983065566652193,"Neither"
"CXCL2",1,0,0.287536025587962,0,1,0,0.00129408105180453,1,0.970581849761181,"Neither"
"CYP26B1",1,0,0.505783293930247,0,2.50566377284348e-15,1,2.50486892920807e-39,1,0.98349978289188,"Neither"
"CYP2S1",1,0,0.503857157292883,0,0.000147101033003062,1,1.80652231443893e-05,1,0.986322188449848,"Neither"
"CYTH3",1,0,0.0813349460332701,0,1.01671887377126e-05,1,0.000174759812525632,1,0.92216673903604,"Neither"
"DAD1",1,0,0.080929619560929,0,1,0,0.000473231429049838,1,0.921298306556665,"Neither"
"DBH",1,0,0.89728661837148,0,1,0,1,0,0.994138080764221,"Neither"
"DBPHT2",1,0,0.00637912698093357,1,2.50566377284348e-15,1,9.86821682278798e-115,1,0.88797221016066,"scBSP only"
"DCLK3",1,0,0.0231686857612262,0,3.08030734496979e-15,1,2.4671357507572e-32,1,0.875814155449414,"Neither"
"DEGS2",1,0,0.953326924010598,0,1.86799542476904e-11,1,1,0,0.998371689101172,"Neither"
"DEPTOR",1,0,0.0697120190203723,0,3.75290610067522e-14,1,7.66834407458269e-13,1,0.937038645245332,"Neither"
"DHH",1,0,0.734615710919259,0,1,0,0.0638456588331548,0,0.993052540165002,"Neither"
"DKKL1",1,0,0.874466068447861,0,1,0,0.431356935245005,0,0.995440729483283,"Neither"
"DMBX1",1,0,0.79279645102431,0,0.480755927053148,0,0.101080118149908,0,0.991641337386018,"Neither"
"DMKN",1,0,0.951552930752159,0,1,0,1,0,0.997503256621798,"Neither"
"DOC2G",1,0,0.575310153575614,0,0.0689217583492495,0,0.140711750107786,0,0.985996526270082,"Neither"
"DOCK5",1,0,0.677768978286689,0,0.0901897042040675,0,0.0897878273332633,0,0.988276161528441,"Neither"
"DRD1",1,0,0.287197407366248,0,2.78982530924072e-07,1,3.84419047085369e-08,1,0.978397742075554,"Neither"
"DRD2",1,0,0.641568448620403,0,1,0,0.743620700711217,0,0.990121580547112,"Neither"
"DRD3",1,0,0.851690092525365,0,0.0012320876468868,1,1,0,0.993920972644377,"Neither"
"DRD5",1,0,0.392358398333808,0,0.000381642713117972,1,0.010377075199173,1,0.980460269214069,"Neither"
"DYNLRB2",1,0,0.768438856907192,0,0.162194742642551,0,1,0,0.995115067303517,"Neither"
"EBF1",1,0,0.298597547346826,0,1.74986739008033e-07,1,0.0548374803395657,0,0.981654363873209,"Neither"
"EBF2",1,0,0.478398283089272,0,2.17201158940178e-14,1,0.000201945265660315,1,0.98881893182805,"Neither"
"ECSCR",1,0,0.766257944837804,0,0.00223806869134156,1,1,0,0.993269648284846,"Neither"
"EDN3",1,0,0.8127466251312,0,1,0,1,0,0.993378202344768,"Neither"
"EFHD1",1,0,0.527168552109358,0,0.00150149231013438,1,1,0,0.985779418150239,"Neither"
"EFHD2",1,0,0.0261653067961407,0,5.24410738174721e-08,1,1.40954612435779e-07,1,0.898176291793313,"Neither"
"EFNA5",1,0,0.0814342804326411,0,3.52993285258232e-12,1,0.141751834270695,0,0.940512375162831,"Neither"
"ENPP6",1,0,0.262182226227612,0,3.77654740220782e-11,1,0.00204983311621874,1,0.976335214937039,"Neither"
"EOMES",1,0,0.807038004826501,0,8.52843734732642e-12,1,0.00514269432947171,1,0.993920972644377,"Neither"
"EPYC",1,0,0.907704914447188,0,1.36405804121454e-07,1,1,0,0.996960486322188,"Neither"
"ESRRG",1,0,0.545710096366989,0,3.93247233298155e-08,1,6.16736320821674e-05,1,0.981654363873209,"Neither"
"F13A1",1,0,0.874249925019637,0,1,0,1,0,0.996743378202345,"Neither"
"FABP7",1,0,0.227761226961093,0,8.70774171693473e-12,1,4.59550612752137e-09,1,0.969387755102041,"Neither"
"FAM180A",1,0,0.850764296864536,0,0.207246824056224,0,0.368112949338644,0,0.992292661745549,"Neither"
"FAM181B",1,0,0.132170195545243,0,0.0659010724548686,0,5.15372089138981e-10,1,0.95223621363439,"Neither"
"FAM184A",1,0,0.0698427447319283,0,1,0,3.14084861271479e-05,1,0.924772036474164,"Neither"
"FAM214A",1,0,0.0406332560448014,0,6.06816892357114e-09,1,8.28165501173022e-08,1,0.908163265306122,"Neither"
"FAM216B",1,0,0.863069502097017,0,1.60995390904075e-06,1,1,0,0.995332175423361,"Neither"
"FBLN2",1,0,0.843559423619778,0,0.0049835738828826,1,1,0,0.994897959183674,"Neither"
"FBLN5",1,0,0.244522354922143,0,0.000288704989203677,1,0.00128495107198122,1,0.980243161094225,"Neither"
"FCMR",1,0,0.910719447010639,0,1,0,0.714470511663025,0,0.997286148501954,"Neither"
"FEV",1,0,0.565644386770197,0,0.087244279445217,0,1,0,0.990664350846722,"Neither"
"FGF10",1,0,0.22793735630063,0,2.50566377284348e-15,1,7.70513436326996e-09,1,0.979917498914459,"Neither"
"FGFR3",1,0,0.412624621156377,0,0.00413738739432599,1,0.0184270998231122,1,0.979266174554928,"Neither"
"FIBCD1",1,0,0.242696501289665,0,4.56436758391641e-06,1,3.62803828596016e-05,1,0.963960052105949,"Neither"
"FIGN",1,0,0.120156861937292,0,2.97267567553218e-10,1,0.0192514011079279,1,0.971233174120712,"Neither"
"FJX1",1,0,0.0778490752812874,0,3.03313425885292e-09,1,6.84326475772444e-06,1,0.953321754233608,"Neither"
"FLT1",1,0,0.0355324446831201,0,0.67535096538131,0,0.153748409373281,0,0.922383847155884,"Neither"
"FN1",1,0,0.278644219310105,0,0.500026050727183,0,0.0125280713539914,1,0.967216673903604,"Neither"
"FOLR1",1,0,0.897430051824561,0,2.50566377284348e-15,1,0.784417352817609,0,0.995983499782892,"Neither"
"FOS",1,0,0.134003496485552,0,5.41874486636316e-06,1,0.113225768061888,0,0.977637863656101,"Neither"
"FRZB",1,0,0.481977801079436,0,1,0,0.02067203751152,1,0.985019539730786,"Neither"
"FSHR",1,0,0.62008396778845,0,0.0181136931460489,1,0.107965792294758,0,0.985670864090317,"Neither"
"GABBR1",1,0,3.76664503312085e-05,1,2.50566377284348e-15,1,4.08876012506996e-91,1,0.388732088580113,"scBSP only"
"GABBR2",1,0,4.91604548693569e-05,1,2.50566377284348e-15,1,2.8119633845286e-66,1,0.435193226226661,"scBSP only"
"GABRA6",1,0,0.801330557513577,0,0.00333444887852075,1,0.714715501685414,0,0.992292661745549,"Neither"
"GABRR2",1,0,0.726907080199964,0,0.00694306575362565,1,1,0,0.991532783326096,"Neither"
"GAD1",1,0,0.116892768584925,0,3.08030734496979e-15,1,8.97287655840695e-25,1,0.949522362136344,"Neither"
"GADD45A",1,0,0.356572838691472,0,1,0,0.148345792585216,0,0.975792444637429,"Neither"
"GAL",1,0,0.0131615458061789,0,2.50566377284348e-15,1,7.54857856621556e-09,1,0.945071645679548,"Neither"
"GALNT14",1,0,0.786035730357324,0,1,0,0.368112949338644,0,0.990990013026487,"Neither"
"GALNTL6",1,0,0.206754641314028,0,3.38517248823817e-06,1,5.06192902497666e-05,1,0.975900998697351,"Neither"
"GALR1",1,0,0.596515269173773,0,3.97452056721452e-10,1,0.00916831936201188,1,0.989904472427269,"Neither"
"GALR2",1,0,0.643181887787798,0,5.0356452076771e-08,1,5.16636505717497e-09,1,0.985453755970473,"Neither"
"GALR3",1,0,0.387407621504443,0,0.156145663630888,0,0.182880904925072,0,0.983825445071646,"Neither"
"GAST",1,0,0.624201004695682,0,4.73664318117294e-05,1,0.475983453278998,0,0.991424229266175,"Neither"
"GATA3",1,0,0.789839298558615,0,3.08030734496979e-15,1,0.0010917910749124,1,0.993920972644377,"Neither"
"GBX1",1,0,0.416728224627473,0,1.84939029653313e-11,1,1.46893269341045e-14,1,0.985345201910551,"Neither"
"GBX2",1,0,0.597084492800904,0,5.55465258928979e-15,1,3.87568265497114e-06,1,0.987841945288754,"Neither"
"GCGR",1,0,0.899345732070026,0,1,0,1,0,0.995983499782892,"Neither"
"GCH1",1,0,0.858948145389677,0,2.57873517552338e-12,1,1,0,0.995332175423361,"Neither"
"GDF10",1,0,0.247555969752983,0,0.210549003691609,0,0.152049025375745,0,0.969713417281806,"Neither"
"GFAP",1,0,0.000182308441385115,1,3.08030734496979e-15,1,7.98165198122087e-69,1,0.744897959183674,"scBSP only"
"GFRA2",1,0,0.0350009958216212,0,2.50566377284348e-15,1,2.27236012801364e-05,1,0.911962657403387,"Neither"
"GFRA3",1,0,0.701121856240717,0,1,0,0.118830692159085,0,0.991207121146331,"Neither"
"GHRH",1,0,0.0619701304070379,0,2.52822149006367e-13,1,0.00717307438510225,1,0.982088580112896,"Neither"
"GHSR",1,0,0.565352830194038,0,0.0291767989298769,1,0.0330286137238227,1,0.991532783326096,"Neither"
"GIPR",1,0,0.730106060852187,0,7.90866146920119e-06,1,1,0,0.994246634824142,"Neither"
"GJA1",1,0,0.00624299021537289,1,6.59114756092239e-12,1,0.000229727973952075,1,0.842705167173252,"scBSP only"
"GJB1",1,0,0.646193072623754,0,0.740337998511798,0,1,0,0.992618323925315,"Neither"
"GJB2",1,0,0.6364636540579,0,1.06738555514331e-06,1,1,0,0.991207121146331,"Neither"
"GKN3",1,0,0.495298808941858,0,0.440677563302606,0,0.073525153429937,0,0.980785931393834,"Neither"
"GLDC",1,0,0.411917634977719,0,1.14879889379674e-11,1,0.000283426495933021,1,0.988601823708207,"Neither"
"GM5741",1,0,0.593818441145484,0,2.99080614942179e-07,1,0.00898664048417626,1,0.98762483716891,"Neither"
"GNB3",1,0,0.938621356290949,0,1,0,1,0,0.997177594442032,"Neither"
"GNG4",1,0,0.223335448456525,0,0.0102778696966587,1,1.59624172647814e-06,1,0.960160660008684,"Neither"
"GNG8",1,0,0.0560855447138119,0,2.50566377284348e-15,1,6.42756373208423e-124,1,0.976552323056882,"Neither"
"GNRH1",1,0,0.904274950812833,0,0.351729970499033,0,1,0,0.996092053842814,"Neither"
"GPC3",1,0,0.846232941844181,0,0.0741338681862553,0,0.429758274003484,0,0.994029526704299,"Neither"
"GPR139",1,0,0.326961947145109,0,0.00106514507120228,1,8.84942595989861e-06,1,0.972427268779852,"Neither"
"GPR17",1,0,0.566551403170456,0,1,0,1,0,0.985128093790708,"Neither"
"GPR34",1,0,0.248263561001245,0,3.08030734496979e-15,1,6.89736151852264e-16,1,0.96993052540165,"Neither"
"GPR50",1,0,0.683909270931746,0,0.0129456583000466,1,0.165823092324412,0,0.99348675640469,"Neither"
"GPR83",1,0,0.905447387850319,0,1,0,1,0,0.995549283543204,"Neither"
"GPR88",1,0,0.506366965073489,0,5.55465258928979e-15,1,1.94732073532573e-14,1,0.984151107251411,"Neither"
"GPRASP2",1,0,6.07108809668189e-05,1,2.50566377284348e-15,1,5.73162635225668e-68,1,0.458098132870169,"scBSP only"
"GPSM1",1,0,0.00205810275277152,1,5.19470802365501e-07,1,1.04294700302155e-51,1,0.743703864524533,"scBSP only"
"GRIK3",1,0,0.193271074674934,0,5.55465258928979e-15,1,6.17823833892822e-12,1,0.959183673469388,"Neither"
"GRIN2C",1,0,0.673856550695125,0,3.08030734496979e-15,1,1,0,0.991315675206253,"Neither"
"GRM1",1,0,0.0556452604934852,0,6.02017582182716e-12,1,4.25091525109924e-05,1,0.91923577941815,"Neither"
"GRM2",1,0,0.0742394343847874,0,1.82303047498145e-07,1,0.000134784341707562,1,0.943877551020408,"Neither"
"GRM4",1,0,0.018868498545712,0,2.50566377284348e-15,1,3.54159066179668e-15,1,0.891880156317846,"Neither"
"GRM5",1,0,0.000947660523634597,1,3.08030734496979e-15,1,2.25289334928458e-44,1,0.690295267042987,"scBSP only"
"GRM7",1,0,0.000589259015718158,1,2.50566377284348e-15,1,1.15253760451335e-44,1,0.662939643942683,"scBSP only"
"GRM8",1,0,0.254115293293786,0,0.000435742128028168,1,0.00758902289542733,1,0.969496309161963,"Neither"
"GRPR",1,0,0.561937182479211,0,0.124424605658932,0,1,0,0.985562310030395,"Neither"
"HAND1",1,0,0.882766305316851,0,1,0,1,0,0.994789405123752,"Neither"
"HAPLN2",1,0,0.850617530647063,0,0.457105083231856,0,0.381472210199379,0,0.995332175423361,"Neither"
"HCRT",1,0,3.7513509286935e-05,1,2.50566377284348e-15,1,0.000457822544186527,1,0.958532349109857,"scBSP only"
"HCRTR1",1,0,0.340587990206736,0,1.89705703459518e-05,1,0.0342591429103656,1,0.9811115935736,"Neither"
"HDHD3",1,0,0.118212922728302,0,0.0724518033445314,0,0.0355585698917664,1,0.9493052540165,"Neither"
"HHIP",1,0,0.510008432909923,0,0.000138929795091577,1,0.00478381665960085,1,0.984585323491099,"Neither"
"HIGD1B",1,0,0.75573267660396,0,0.182655373357743,0,0.827333696445029,0,0.994138080764221,"Neither"
"HOPX",1,0,0.101873609463009,0,5.55465258928979e-15,1,1.96646765540591e-06,1,0.936495874945723,"Neither"
"HOXA10",1,0,0.593038773783886,0,1,0,0.929479616003014,0,0.986105080330004,"Neither"
"HOXA7",1,0,0.594225615669688,0,0.0330621290741141,1,0.0113720063511271,1,0.983391228831958,"Neither"
"HOXB3",1,0,0.806563698083988,0,1,0,0.624932039073837,0,0.99174989144594,"Neither"
"HOXB6",1,0,0.835878333173014,0,1,0,0.567634839548212,0,0.992509769865393,"Neither"
"HOXB8",1,0,0.817430115716966,0,1,0,0.889126158655945,0,0.993378202344768,"Neither"
"HOXB9",1,0,0.815106498552794,0,0.0153641844284319,1,0.0695174061440433,0,0.993052540165002,"Neither"
"HOXC10",1,0,0.684288847057232,0,1,0,1,0,0.989144594007816,"Neither"
"HOXC4",1,0,0.836063728422257,0,0.0111057800751695,1,0.486403589830529,0,0.99468085106383,"Neither"
"HOXC5",1,0,0.315562934987065,0,7.89944119844077e-08,1,3.87771924989805e-05,1,0.975900998697351,"Neither"
"HOXC8",1,0,0.588749190357044,0,0.172501567029756,0,1,0,0.984585323491099,"Neither"
"HOXC9",1,0,0.761178682415796,0,1,0,1,0,0.995657837603126,"Neither"
"HPCAL4",1,0,0.000732649197744961,1,2.50566377284348e-15,1,2.43691858139638e-208,1,0.778115501519757,"scBSP only"
"HRH1",1,0,0.439091696912012,0,0.00056913488575909,1,0.237332187253362,0,0.97937472861485,"Neither"
"HRH3",1,0,0.132470061356156,0,3.08030734496979e-15,1,4.3639584677828e-10,1,0.961137646547981,"Neither"
"HRH4",1,0,0.598428778492894,0,1,0,1,0,0.986864958749457,"Neither"
"HS6ST2",1,0,0.120687619051784,0,1.25425455798749e-11,1,7.23149538575427e-10,1,0.960703430308294,"Neither"
"HSPB7",1,0,0.620426747889592,0,8.62667805992818e-06,1,1,0,0.992292661745549,"Neither"
"HTR1A",1,0,0.261426018818879,0,0.00056573910792363,1,0.00889157982477371,1,0.97524967433782,"Neither"
"HTR1B",1,0,0.111933832427276,0,3.08030734496979e-15,1,2.98487906620696e-17,1,0.944528875379939,"Neither"
"HTR1D",1,0,0.417952448574883,0,7.48272248201775e-08,1,0.935762091006229,0,0.987190620929223,"Neither"
"HTR1F",1,0,0.250102745357902,0,6.24797857929261e-11,1,1.96142386117457e-06,1,0.967216673903604,"Neither"
"HTR3A",1,0,0.560537758050301,0,0.527413187434857,0,0.274334811986474,0,0.982739904472427,"Neither"
"HTR3B",1,0,0.8697621219688,0,1,0,1,0,0.996092053842814,"Neither"
"HTR5A",1,0,0.110184330637573,0,0.105556752664164,0,0.745331926642523,0,0.949956578376031,"Neither"
"HTR5B",1,0,0.631324652257346,0,0.0041281240271938,1,0.0375659389006161,1,0.993595310464611,"Neither"
"HTRA1",1,0,0.00739622324248024,1,7.74359757019345e-11,1,7.30364560232869e-17,1,0.821102909248806,"scBSP only"
"IBSP",1,0,0.883204617348015,0,1,0,0.44786532782108,0,0.995223621363439,"Neither"
"ID2",1,0,0.49155083255647,0,0.0443807038353631,1,1,0,0.986973512809379,"Neither"
"ID4",1,0,0.317530215414771,0,3.08030734496979e-15,1,2.81629929678689e-08,1,0.966782457663917,"Neither"
"IDO1",1,0,0.651297443743625,0,0.452087374052391,0,0.708953018447841,0,0.988059053408597,"Neither"
"IFITM1",1,0,0.361483799250701,0,2.92852729471112e-05,1,0.00092895639833262,1,0.977854971775944,"Neither"
"IGF2",1,0,0.155102994687596,0,0.0221550244458273,1,0.416757645484958,0,0.967976552323057,"Neither"
"IGFBPL1",1,0,0.903296532622589,0,2.50566377284348e-15,1,1,0,0.996526270082501,"Neither"
"IGSF1",1,0,0.21280795269208,0,0.000622573217241373,1,0.00426991331977034,1,0.96699956578376,"Neither"
"IL1RAPL2",1,0,0.334002900322689,0,3.08030734496979e-15,1,0.0316788470677704,1,0.986322188449848,"Neither"
"IL23A",1,0,0.700478950425437,0,0.00276517128502237,1,1,0,0.990990013026487,"Neither"
"IL31RA",1,0,0.54830613521356,0,1,0,0.204454520664975,0,0.982414242292662,"Neither"
"IL33",1,0,0.202456014431626,0,2.3274107555359e-11,1,4.00867775310652e-12,1,0.957338254450716,"Neither"
"INPP5J",1,0,0.172402493016906,0,0.0622920411229971,0,0.0186640853392783,1,0.967867998263135,"Neither"
"IRS4",1,0,0.133914643267875,0,2.50566377284348e-15,1,6.36433872069155e-13,1,0.950607902735562,"Neither"
"IRX2",1,0,0.622381936819734,0,0.000160267240416589,1,0.00127753168507017,1,0.987841945288754,"Neither"
"IRX6",1,0,0.243523176301655,0,2.50566377284348e-15,1,3.38833807946677e-14,1,0.980026052974381,"Neither"
"ISL2",1,0,0.908208287241434,0,0.00821120858872823,1,1,0,0.995549283543204,"Neither"
"ISLR",1,0,0.573804388004745,0,0.0692219960624383,0,0.0598966720425642,0,0.988276161528441,"Neither"
"ITPR2",1,0,0.139624049847473,0,0.672095894790739,0,0.131120129899198,0,0.970581849761181,"Neither"
"KCNAB1",1,0,0.194613214466808,0,5.61160092025254e-14,1,1.37476600919385e-05,1,0.955709943551889,"Neither"
"KCNC2",1,0,0.647477528179744,0,0.00961669112104808,1,1,0,0.986213634389926,"Neither"
"KCND3",1,0,0.124861139990806,0,0.00886241296880568,1,1.91253716034052e-07,1,0.927268779852366,"Neither"
"KCNIP1",1,0,0.864568242272997,0,1,0,0.428819416632098,0,0.995657837603126,"Neither"
"KCNJ8",1,0,0.699461367421406,0,7.26278716181159e-12,1,0.756093528401457,0,0.993920972644377,"Neither"
"KCNK3",1,0,0.5376126523156,0,0.0873059738829902,0,0.35149387985925,0,0.980785931393834,"Neither"
"KCTD12",1,0,0.0959071535217295,0,4.42736017936368e-13,1,5.76864558029218e-12,1,0.953864524533218,"Neither"
"KIF5B",1,0,0.103198252770913,0,0.177781342537732,0,2.38681273553598e-13,1,0.916304819800261,"Neither"
"KL",1,0,0.549901956824202,0,1.94837910414538e-09,1,0.103206017078066,0,0.985128093790708,"Neither"
"KLHL14",1,0,0.484369883195874,0,2.17201158940178e-14,1,1,0,0.987733391228832,"Neither"
"KLK6",1,0,0.353858228367368,0,0.00510869526420809,1,0.493733618321738,0,0.985779418150239,"Neither"
"KRT17",1,0,0.62328600967808,0,3.73963225982357e-08,1,0.91700185158119,0,0.991098567086409,"Neither"
"KRT19",1,0,0.872128389497943,0,2.33970418147924e-07,1,1,0,0.996960486322188,"Neither"
"KRT73",1,0,0.760884784433533,0,0.00100256706472309,1,0.0220414831148352,1,0.996417716022579,"Neither"
"LBP",1,0,0.795371054965333,0,0.0270410447346207,1,1,0,0.996309161962657,"Neither"
"LBX1",1,0,0.951733222101432,0,2.50566377284348e-15,1,1,0,0.997286148501954,"Neither"
"LEF1",1,0,0.0743514338232162,0,3.08030734496979e-15,1,6.01814508985678e-29,1,0.963634389926183,"Neither"
"LHX1",1,0,0.694553501763614,0,2.24404700212595e-09,1,0.00122518322276179,1,0.991424229266175,"Neither"
"LHX2",1,0,0.549319661677864,0,3.33594876292696e-07,1,0.481630282201672,0,0.981762917933131,"Neither"
"LHX6",1,0,0.312626278666577,0,2.50566377284348e-15,1,1.65105848827588e-10,1,0.982739904472427,"Neither"
"LHX9",1,0,0.500011611470599,0,5.55465258928979e-15,1,3.49357060572334e-10,1,0.988710377768129,"Neither"
"LIMS2",1,0,0.202038868512261,0,0.00100802855816742,1,0.00049783119183641,1,0.9716673903604,"Neither"
"LINGO4",1,0,0.467438560266462,0,0.015532674298152,1,0.000131330409545313,1,0.975683890577508,"Neither"
"LMCD1",1,0,0.522487395888245,0,0.0030868942005534,1,1,0,0.988167607468519,"Neither"
"LMX1A",1,0,0.289956078694663,0,2.50566377284348e-15,1,2.69634167503917e-06,1,0.983391228831958,"Neither"
"LRPPRC",1,0,0.0509682124909976,0,0.0769302722945457,0,2.04661910892715e-07,1,0.898936170212766,"Neither"
"LRRC55",1,0,0.0140045696133976,0,3.08030734496979e-15,1,6.68200434045021e-18,1,0.88797221016066,"Neither"
"LRRTM2",1,0,0.838028399542185,0,1.00463313524035e-05,1,1,0,0.994246634824142,"Neither"
"LY6C1",1,0,0.789309941387246,0,5.37279328162377e-05,1,1,0,0.991532783326096,"Neither"
"LY6D",1,0,0.882367513649809,0,1,0,0.210634349095329,0,0.995332175423361,"Neither"
"LYPD1",1,0,0.00448152335608687,1,2.50566377284348e-15,1,4.00141106087259e-84,1,0.880156317846287,"scBSP only"
"LYPD2",1,0,0.695910299063596,0,0.123898773768277,0,0.0913833125806198,0,0.99174989144594,"Neither"
"LYPD6",1,0,0.141313092595464,0,2.50566377284348e-15,1,1.96142386117457e-06,1,0.954407294832827,"Neither"
"MAB21L2",1,0,0.868608217116884,0,3.02517067826647e-11,1,0.107525246364133,0,0.994897959183674,"Neither"
"MAL",1,0,0.781804033287103,0,1,0,0.482490816749975,0,0.990881458966565,"Neither"
"MAN1A",1,0,0.0653212384798865,0,5.55465258928979e-15,1,5.48113512854919e-13,1,0.945397307859314,"Neither"
"MATN2",1,0,0.150878084418602,0,2.50566377284348e-15,1,2.44526110546154e-41,1,0.974272687798524,"Neither"
"MBP",1,0,9.68576034687807e-06,1,3.08030734496979e-15,1,2.44610669429793e-187,1,0.417173252279635,"scBSP only"
"MCHR1",1,0,0.526082354403277,0,0.0652668466963037,0,1,0,0.990664350846722,"Neither"
"MEGF11",1,0,0.899417237912262,0,3.08030734496979e-15,1,1,0,0.996526270082501,"Neither"
"MEIS2",1,0,0.000308471763727503,1,3.08030734496979e-15,1,1.33461866313611e-304,1,0.894594007815892,"scBSP only"
"MGARP",1,0,0.825472784618016,0,1,0,0.19092343958685,0,0.995766391663048,"Neither"
"MGST1",1,0,0.668994005856711,0,0.0162859103799362,1,1,0,0.991858445505862,"Neither"
"MIA",1,0,0.847324765853136,0,0.00786702720085675,1,0.369775126784069,0,0.995115067303517,"Neither"
"MLF1",1,0,0.409420757532783,0,0.130701614090813,0,0.000963849484604191,1,0.973947025618758,"Neither"
"MNS1",1,0,0.336461704800482,0,8.39390097079676e-08,1,0.54968321341405,0,0.988059053408597,"Neither"
"MOG",1,0,0.00916466580734954,1,2.50566377284348e-15,1,4.4745530878919e-43,1,0.865718627876683,"scBSP only"
"MOXD1",1,0,0.623444118494397,0,2.50566377284348e-15,1,5.16020521653965e-10,1,0.989578810247503,"Neither"
"MREG",1,0,0.717238857828389,0,7.64419454556595e-05,1,0.368674296334689,0,0.991098567086409,"Neither"
"MS4A7",1,0,0.916372786970213,0,1,0,1,0,0.996092053842814,"Neither"
"MTNR1B",1,0,0.770818229656729,0,0.659304828899393,0,1,0,0.994572297003908,"Neither"
"MYC",1,0,0.197992710588839,0,1,0,1,0,0.959183673469388,"Neither"
"MYH11",1,0,0.572099636859214,0,0.847215938175374,0,1,0,0.991641337386018,"Neither"
"MYH8",1,0,0.699380283945294,0,1.08764027899248e-06,1,0.212751124623129,0,0.992509769865393,"Neither"
"MYL4",1,0,0.631711510632885,0,0.000471434711150487,1,0.447227461350141,0,0.991098567086409,"Neither"
"NCCRP1",1,0,0.784533629820101,0,1,0,1,0,0.994246634824142,"Neither"
"NCMAP",1,0,0.947528950594154,0,4.35522307710046e-09,1,1,0,0.996634824142423,"Neither"
"NDNF",1,0,0.255597407569267,0,5.55465258928979e-15,1,0.000953538120317068,1,0.973729917498914,"Neither"
"NDRG2",1,0,0.291064665741424,0,2.50566377284348e-15,1,1.02601553813165e-23,1,0.97698653929657,"Neither"
"NECAB1",1,0,0.35079903623747,0,1.8334569777187e-09,1,0.52313825472804,0,0.978831958315241,"Neither"
"NEFH",1,0,0.0142686099748289,0,3.08030734496979e-15,1,1.76662170180974e-41,1,0.888189318280504,"Neither"
"NEFM",1,0,8.8893204142293e-05,1,2.50566377284348e-15,1,3.16894930479563e-116,1,0.629396439426835,"scBSP only"
"NEU4",1,0,0.629492428033582,0,1,0,0.324396072870777,0,0.987190620929223,"Neither"
"NEUROD1",1,0,0.224451510457352,0,5.55465258928979e-15,1,6.86860957562842e-08,1,0.966131133304386,"Neither"
"NFATC2",1,0,0.114508050966583,0,4.47676517063005e-07,1,2.61040331632389e-12,1,0.943334780720799,"Neither"
"NFIB",1,0,0.250374201083645,0,0.0473393666847755,1,1,0,0.967650890143291,"Neither"
"NGB",1,0,0.0287804137498522,0,2.50566377284348e-15,1,1.76367341059424e-12,1,0.876248371689101,"Neither"
"NGFR",1,0,0.601287441211029,0,6.68929781304471e-12,1,1,0,0.989578810247503,"Neither"
"NHLH2",1,0,0.11684655621135,0,2.50566377284348e-15,1,4.95524559508873e-11,1,0.971450282240556,"Neither"
"NINJ2",1,0,0.316493078237994,0,1.39775020788804e-06,1,4.41125190546229e-05,1,0.979266174554928,"Neither"
"NKX2-1",1,0,0.144877327135551,0,3.08030734496979e-15,1,1.96738457194248e-06,1,0.9587494572297,"Neither"
"NKX2-9",1,0,0.625830331116086,0,0.000386869289145133,1,0.311029088662665,0,0.991315675206253,"Neither"
"NMB",1,0,0.270650830194157,0,3.08030734496979e-15,1,0.00397451394768482,1,0.98349978289188,"Neither"
"NMBR",1,0,0.670608016568886,0,0.00206295805322234,1,0.612515819916155,0,0.990013026487191,"Neither"
"NMU",1,0,0.219640516698268,0,1.56828293574357e-08,1,0.210438336973735,0,0.984042553191489,"Neither"
"NMUR1",1,0,0.846227888963565,0,1,0,1,0,0.993703864524533,"Neither"
"NMUR2",1,0,0.696696364275348,0,0.0499274970947275,1,1,0,0.989687364307425,"Neither"
"NOG",1,0,0.143557842139975,0,3.08030734496979e-15,1,1.12062222940698e-12,1,0.950825010855406,"Neither"
"NOS1",1,0,0.0449757670468214,0,2.50566377284348e-15,1,1.13854427274956e-07,1,0.89741641337386,"Neither"
"NPFFR1",1,0,0.586598217678636,0,2.37085416438221e-06,1,0.339128452230227,0,0.987733391228832,"Neither"
"NPFFR2",1,0,0.692838305635893,0,6.08411750000215e-07,1,0.842989612562752,0,0.99348675640469,"Neither"
"NPNT",1,0,0.146727891737105,0,5.55465258928979e-15,1,0.0143652535736709,1,0.966891011723839,"Neither"
"NPPA",1,0,0.574304316704156,0,2.50566377284348e-15,1,2.85925584003826e-06,1,0.989687364307425,"Neither"
"NPPB",1,0,0.663008169225356,0,1.62012226757051e-06,1,1,0,0.99174989144594,"Neither"
"NPPC",1,0,0.318513593266198,0,0.00205560304922676,1,0.0352866082118108,1,0.975683890577508,"Neither"
"NPSR1",1,0,0.739873956936532,0,1,0,0.111718524556171,0,0.991858445505862,"Neither"
"NPW",1,0,0.322877157136693,0,6.50846997850081e-11,1,2.64488896753673e-05,1,0.978723404255319,"Neither"
"NPY2R",1,0,0.140636772884963,0,3.08030734496979e-15,1,1.68477464168465e-08,1,0.968519322622666,"Neither"
"NPY5R",1,0,0.625499204386292,0,1.84543413256672e-12,1,1,0,0.992075553625706,"Neither"
"NR2F2",1,0,0.137792940402507,0,3.08030734496979e-15,1,0.000110725339655838,1,0.953973078593139,"Neither"
"NR4A2",1,0,0.797368080971751,0,2.1407283393886e-09,1,6.83676581263923e-05,1,0.99294398610508,"Neither"
"NREP",1,0,0.0379582724624836,0,0.00251418883997712,1,0.0029708654595174,1,0.91098567086409,"Neither"
"NRIP3",1,0,0.0115673486591298,0,3.08030734496979e-15,1,2.56148665169587e-39,1,0.862244897959184,"Neither"
"NRL",1,0,0.670660162825325,0,0.357416183251123,0,1,0,0.987950499348676,"Neither"
"NRP2",1,0,0.0929963865348594,0,2.50566377284348e-15,1,2.10075554977529e-09,1,0.925640468953539,"Neither"
"NRTN",1,0,0.554802088534685,0,0.0076754862365961,1,1,0,0.985670864090317,"Neither"
"NTF3",1,0,0.611146622734578,0,1,0,1,0,0.989036039947894,"Neither"
"NTNG1",1,0,0.0321289120075705,0,2.50566377284348e-15,1,9.20965513017168e-26,1,0.904798089448545,"Neither"
"NTS",1,0,0.382674247183561,0,5.82911299655075e-11,1,0.0243787228194109,1,0.97698653929657,"Neither"
"NWD2",1,0,0.0320528419515395,0,2.50566377284348e-15,1,1.75197058072071e-59,1,0.953864524533218,"Neither"
"NXPH2",1,0,0.717900569120128,0,1,0,0.515711706719077,0,0.990013026487191,"Neither"
"NXPH3",1,0,0.581725336183955,0,1,0,1,0,0.988276161528441,"Neither"
"OLFM2",1,0,0.00115598396520122,1,2.50566377284348e-15,1,7.07276728270032e-33,1,0.712983065566652,"scBSP only"
"OLFML2A",1,0,0.416675720570207,0,1,0,2.4725968392724e-06,1,0.977203647416413,"Neither"
"OLFR558",1,0,0.901670911696252,0,0.459510321105483,0,0.329803922403625,0,0.995766391663048,"Neither"
"OMP",1,0,0.497103464132963,0,3.99895535949915e-08,1,0.00664261034135424,1,0.981654363873209,"Neither"
"ONECUT2",1,0,0.120773221969313,0,3.08030734496979e-15,1,5.64553577636287e-06,1,0.951584889274859,"Neither"
"OPALIN",1,0,0.0281180057689786,0,3.08030734496979e-15,1,4.37641668450274e-26,1,0.900564481111594,"Neither"
"OPRK1",1,0,0.590288622655173,0,0.000560243290436711,1,1,0,0.990338688666956,"Neither"
"OPRL1",1,0,0.00296209372845457,1,1.38412503246192e-14,1,5.46393519867609e-21,1,0.758575770733825,"scBSP only"
"OPRM1",1,0,0.446765603931747,0,0.0104147665376619,1,1,0,0.985128093790708,"Neither"
"OSR1",1,0,0.530617137953733,0,1,0,0.11344893509294,0,0.980460269214069,"Neither"
"OTOF",1,0,0.0485124219393954,0,2.50566377284348e-15,1,1.20889136374674e-19,1,0.891228831958315,"Neither"
"OTP",1,0,0.118118135249771,0,2.50566377284348e-15,1,3.66275949642299e-15,1,0.95462440295267,"Neither"
"OTX2",1,0,0.843083200453848,0,0.455483010784345,0,0.0246499900743303,1,0.994572297003908,"Neither"
"OXTR",1,0,0.145627144449259,0,3.08030734496979e-15,1,6.80720235380258e-15,1,0.960269214068606,"Neither"
"P2RX2",1,0,0.73383024950402,0,0.0724518033445314,0,0.145086502184214,0,0.991424229266175,"Neither"
"P2RY12",1,0,0.555212812316217,0,0.235447713703941,0,0.350445105849663,0,0.987190620929223,"Neither"
"PALM3",1,0,0.287652638195868,0,0.0258436203574083,1,0.0584479869226023,0,0.972427268779852,"Neither"
"PAPPA",1,0,0.893317303335863,0,2.50566377284348e-15,1,1,0,0.99587494572297,"Neither"
"PAPPA2",1,0,0.766142567583044,0,0.0401331581323492,1,0.649164265644715,0,0.994463742943986,"Neither"
"PAQR5",1,0,0.729580041780384,0,0.0123639186343537,1,1,0,0.991207121146331,"Neither"
"PARM1",1,0,0.00856414740915878,1,2.50566377284348e-15,1,5.62163287436765e-11,1,0.862679114198871,"scBSP only"
"PAX2",1,0,0.910395935623425,0,0.0514461450562376,0,1,0,0.996417716022579,"Neither"
"PAX5",1,0,0.7775385994943,0,0.00154826329193669,1,1,0,0.993595310464611,"Neither"
"PAX6",1,0,0.301122369353524,0,2.50566377284348e-15,1,9.72816317014238e-17,1,0.973621363438993,"Neither"
"PAX7",1,0,0.782156591164446,0,0.000202708567336054,1,0.000336597648513465,1,0.99174989144594,"Neither"
"PBK",1,0,0.637354596020486,0,0.203635174511564,0,0.300051855247577,0,0.990772904906643,"Neither"
"PCDH11X",1,0,0.0550535072563753,0,3.08030734496979e-15,1,4.93559445424206e-29,1,0.918584455058619,"Neither"
"PCDH20",1,0,0.14776989023836,0,0.175832252329627,0,0.00602101347475919,1,0.951150673035172,"Neither"
"PCP2",1,0,0.614121668625251,0,0.65466030376078,0,1,0,0.991315675206253,"Neither"
"PCP4",1,0,1.42493769237362e-05,1,2.50566377284348e-15,1,1.75246639823734e-54,1,0.778441163699522,"scBSP only"
"PCSK5",1,0,0.317157432200798,0,2.05482548355786e-08,1,0.493733618321738,0,0.984802431610942,"Neither"
"PDCD4",1,0,0.0141296350341016,0,3.08030734496979e-15,1,1.82203940983924e-29,1,0.812092922275293,"Neither"
"PDE11A",1,0,0.347737277424448,0,2.78060735505895e-09,1,0.00484978674883404,1,0.984910985670864,"Neither"
"PDE1C",1,0,0.211035276841394,0,5.55465258928979e-15,1,3.00217273976956e-05,1,0.960594876248372,"Neither"
"PDE6G",1,0,0.747360665118356,0,1,0,1,0,0.991858445505862,"Neither"
"PDGFA",1,0,0.0781413970340089,0,1,0,1.42662696588276e-07,1,0.933239253148068,"Neither"
"PDYN",1,0,0.0148305604803476,0,2.50566377284348e-15,1,1.87211493191053e-21,1,0.933890577507599,"Neither"
"PENK",1,0,2.13779125513014e-08,1,3.08030734496979e-15,1,5.07978327039697e-142,1,0.667064698219713,"scBSP only"
"PGAM2",1,0,0.556323235250911,0,0.00649168514262063,1,0.752219635554624,0,0.984042553191489,"Neither"
"PGLYRP1",1,0,0.138247040256011,0,0.0473707041759338,1,0.0217492251933896,1,0.95929222752931,"Neither"
"PGR",1,0,0.11052657606841,0,0.00126421431027862,1,0.00514269432947171,1,0.930525401650022,"Neither"
"PHLDA1",1,0,0.271018350409882,0,0.00510214366117794,1,0.0459386796229475,1,0.979591836734694,"Neither"
"PHOX2A",1,0,0.687349391234187,0,0.0161291138107044,1,0.00754153485589296,1,0.991966999565784,"Neither"
"PHOX2B",1,0,0.699174532253451,0,9.29580038524771e-06,1,2.69489496028532e-05,1,0.991315675206253,"Neither"
"PI16",1,0,0.483552986572806,0,2.27673197526473e-09,1,0.0906515262063288,0,0.987190620929223,"Neither"
"PIEZO2",1,0,0.48183307683723,0,3.08030734496979e-15,1,4.77900195473607e-11,1,0.984476769431177,"Neither"
"PITX2",1,0,0.0243862437944947,0,2.50566377284348e-15,1,3.63679836333569e-24,1,0.942683456361268,"Neither"
"PKD1L2",1,0,0.623520161268169,0,0.00298196519618104,1,0.0506230826030791,0,0.991966999565784,"Neither"
"PKD2L1",1,0,0.556515348577189,0,0.648485856233297,0,0.0560835239961454,0,0.985345201910551,"Neither"
"PKIB",1,0,0.570721778030028,0,8.19588943784245e-05,1,0.368112949338644,0,0.987841945288754,"Neither"
"PLA2G5",1,0,0.927224612868979,0,0.000520560603678847,1,1,0,0.997503256621798,"Neither"
"PLCH1",1,0,0.129851674033651,0,2.50566377284348e-15,1,7.26044969781507e-18,1,0.951259227095093,"Neither"
"PLIN3",1,0,0.562682149959245,0,6.77458907570023e-05,1,1,0,0.99174989144594,"Neither"
"PLTP",1,0,0.236619391260443,0,3.46633421710852e-09,1,5.29967376759119e-06,1,0.968844984802432,"Neither"
"PNOC",1,0,0.0430487160060989,0,2.50566377284348e-15,1,1.56541683675226e-16,1,0.924880590534086,"Neither"
"POSTN",1,0,0.547781938414925,0,3.35219147290681e-05,1,0.0188410350147038,1,0.984910985670864,"Neither"
"POU3F1",1,0,0.803127973066059,0,0.0938294426188186,0,1,0,0.994897959183674,"Neither"
"POU4F1",1,0,0.691509267836882,0,2.50566377284348e-15,1,6.78610024127103e-15,1,0.994572297003908,"Neither"
"POU4F3",1,0,0.914070858467677,0,0.994625263587777,0,1,0,0.998371689101172,"Neither"
"POU6F2",1,0,0.256884837980957,0,5.55465258928979e-15,1,0.000103615603289173,1,0.974272687798524,"Neither"
"PPM1J",1,0,0.82682603251128,0,0.582989536624086,0,0.846104981049675,0,0.992075553625706,"Neither"
"PPP1R14A",1,0,0.020021071979815,0,3.08030734496979e-15,1,4.27521833241231e-32,1,0.910660008684325,"Neither"
"PPP1R17",1,0,0.224053944482134,0,2.50566377284348e-15,1,2.18874768121485e-05,1,0.975466782457664,"Neither"
"PPP1R1B",1,0,0.000171618657297534,1,5.55465258928979e-15,1,0,1,0.888949196699957,"scBSP only"
"PPP2R2B",1,0,0.0025673936496442,1,2.17201158940178e-14,1,3.24525466933516e-28,1,0.772796352583587,"scBSP only"
"PRDM12",1,0,0.315587306053665,0,2.50566377284348e-15,1,1.78866632068944e-26,1,0.981003039513678,"Neither"
"PRKCD",1,0,0.00179314216128079,1,2.50566377284348e-15,1,1.82393053335602e-37,1,0.893617021276596,"scBSP only"
"PRKCQ",1,0,0.272022058045038,0,3.45179939816867e-08,1,0.0869833769742131,0,0.97698653929657,"Neither"
"PRLHR",1,0,0.839317330111686,0,1.07830408957619e-06,1,1,0,0.99468085106383,"Neither"
"PRLR",1,0,0.0882208575901414,0,3.08030734496979e-15,1,7.03663060906853e-06,1,0.959943551888841,"Neither"
"PROKR1",1,0,0.75841530477931,0,0.0155581042694825,1,0.94328773181916,0,0.99468085106383,"Neither"
"PROKR2",1,0,0.691527974171739,0,0.207402471725103,0,0.056977202676492,0,0.987733391228832,"Neither"
"PROX1",1,0,0.00908789359073803,1,2.50566377284348e-15,1,1.12452250828335e-14,1,0.84140251845419,"scBSP only"
"PRPH",1,0,0.12951647879916,0,2.50566377284348e-15,1,0.00122123920940505,1,0.975358228397742,"Neither"
"PRR5L",1,0,0.171942756605732,0,3.68367910695793e-11,1,1.095819337973e-10,1,0.959075119409466,"Neither"
"PRRXL1",1,0,0.472902930248363,0,0.000117250904986386,1,0.042302988870159,1,0.98056882327399,"Neither"
"PRSS12",1,0,0.259696119574984,0,4.28714056467026e-05,1,0.00129408105180453,1,0.97231871471993,"Neither"
"PRSS35",1,0,0.912070125349339,0,0.000401822453560125,1,0.111651311132674,0,0.996092053842814,"Neither"
"PRSS56",1,0,0.666149611196676,0,0.112907129149904,0,0.198071279944432,0,0.989795918367347,"Neither"
"PTGDS",1,0,2.03822418942678e-08,1,2.50566377284348e-15,1,3.99753067613286e-89,1,0.449088145896657,"scBSP only"
"PTGFR",1,0,0.712840278923153,0,0.0024116044686229,1,0.15823356033084,0,0.991858445505862,"Neither"
"PTGIR",1,0,0.899475276553052,0,1,0,1,0,0.996417716022579,"Neither"
"PTH1R",1,0,0.947075783590221,0,1,0,1,0,0.996309161962657,"Neither"
"PTH2R",1,0,0.746575041646414,0,1,0,0.87070632101758,0,0.994355188884064,"Neither"
"PTK2B",1,0,0.0192025667473101,0,3.08030734496979e-15,1,2.67106877244153e-174,1,0.936061658706036,"Neither"
"PTPN3",1,0,0.424362476437245,0,8.87333872260717e-06,1,0.404378731915605,0,0.979700390794616,"Neither"
"PTPRK",1,0,0.135887150267822,0,2.90500161813107e-12,1,5.51463684356291e-05,1,0.954407294832827,"Neither"
"RAB37",1,0,0.659908063391223,0,6.61467136143499e-05,1,0.884583555975218,0,0.991424229266175,"Neither"
"RAB3B",1,0,0.00181743301972737,1,2.50566377284348e-15,1,4.51610062887354e-53,1,0.802757273122015,"scBSP only"
"RASD1",1,0,0.282115750435684,0,6.84310994488248e-10,1,0.000561428878237774,1,0.98056882327399,"Neither"
"RD3L",1,0,0.802376898649006,0,1,0,0.629294770549739,0,0.994572297003908,"Neither"
"RERG",1,0,0.24947063668974,0,2.49320530472556e-05,1,9.71159719956445e-07,1,0.96580547112462,"Neither"
"RESP18",1,0,0.0204724437721663,0,2.50566377284348e-15,1,8.97507500559563e-27,1,0.826204950065132,"Neither"
"RET",1,0,0.425576139206933,0,0.00486868784670783,1,0.165823092324412,0,0.975683890577508,"Neither"
"RGS12",1,0,0.425096965249764,0,0.0207207708076073,1,1,0,0.983825445071646,"Neither"
"RGS16",1,0,0.0792607851100374,0,1.69463833863636e-11,1,0.611584178107597,0,0.966131133304386,"Neither"
"RGS5",1,0,0.938146198829084,0,1,0,1,0,0.99706904038211,"Neither"
"RGS8",1,0,0.0118478641713736,0,3.08030734496979e-15,1,1.87893665437473e-38,1,0.84313938341294,"Neither"
"RHCG",1,0,0.74450267926532,0,1,0,1,0,0.9905557967868,"Neither"
"RIMS4",1,0,0.0944760162001134,0,1.11943039184942e-07,1,1.13892118642421e-05,1,0.937364307425098,"Neither"
"RINL",1,0,0.782403323623029,0,0.0792792401789771,0,1,0,0.993595310464611,"Neither"
"RNF152",1,0,0.653635441134098,0,1.83506723570473e-05,1,0.339294783615608,0,0.989253148067738,"Neither"
"RORA",1,0,0.0436264051254904,0,4.5926269149399e-13,1,1.42767053910117e-13,1,0.922600955275727,"Neither"
"RPP25",1,0,0.101615772125509,0,9.02848704560111e-14,1,1.52896968737795e-09,1,0.940620929222753,"Neither"
"RPRM",1,0,0.0228706535011635,0,2.50566377284348e-15,1,2.97825081922386e-21,1,0.894376899696049,"Neither"
"RRAS2",1,0,0.478478619662455,0,1,0,0.0621794566330685,0,0.984802431610942,"Neither"
"RRM2",1,0,0.497781725000056,0,3.78422052962106e-07,1,0.585152660630359,0,0.993703864524533,"Neither"
"RSPO1",1,0,0.0474475792021304,0,1.70116973824468e-11,1,2.34402988113988e-09,1,0.926183239253148,"Neither"
"RUNX1",1,0,0.375574942197461,0,0.0141485638193285,1,0.118392569005449,0,0.979591836734694,"Neither"
"RXFP2",1,0,0.705709543547777,0,1,0,0.263781457637581,0,0.987190620929223,"Neither"
"RXFP3",1,0,0.823445391881515,0,1,0,1,0,0.992835432045158,"Neither"
"RXFP4",1,0,0.80578712497744,0,0.0202379427107457,1,0.00104281258172067,1,0.99174989144594,"Neither"
"S1PR1",1,0,0.506933301585792,0,0.249877905440873,0,0.017820882185632,1,0.98349978289188,"Neither"
"SAG",1,0,0.526805225324589,0,6.9495633441063e-06,1,1,0,0.992184107685627,"Neither"
"SALL3",1,0,0.640164495884456,0,0.0142086544675418,1,1,0,0.987841945288754,"Neither"
"SAMSN1",1,0,0.67561452191983,0,0.195596999542884,0,1,0,0.989036039947894,"Neither"
"SCGB3A1",1,0,0.786799414441442,0,0.24077089544665,0,1,0,0.992292661745549,"Neither"
"SCGN",1,0,0.830724374715872,0,4.68494211787605e-11,1,1,0,0.994463742943986,"Neither"
"SCN10A",1,0,0.731052343633283,0,3.7220380418385e-13,1,1,0,0.993812418584455,"Neither"
"SCN5A",1,0,0.0301614003784619,0,2.50566377284348e-15,1,1.54538626229731e-22,1,0.907946157186279,"Neither"
"SCN7A",1,0,0.50159091465121,0,0.123525885445412,0,0.812158850258554,0,0.983608336951802,"Neither"
"SCNN1A",1,0,0.460120019829485,0,0.0576057463276761,0,0.498752216621971,0,0.981437255753365,"Neither"
"SCUBE1",1,0,0.686480150338744,0,0.0158429380312274,1,0.641444923125856,0,0.989253148067738,"Neither"
"SELPLG",1,0,0.562013560075133,0,0.70049490806971,0,0.198124162037743,0,0.989795918367347,"Neither"
"SEMA3C",1,0,0.294731660943046,0,2.43574030759503e-06,1,0.867364985319441,0,0.982197134172818,"Neither"
"SEMA3E",1,0,0.457369787816316,0,0.0100038077600063,1,0.0388370910258268,1,0.97405557967868,"Neither"
"SEMA3F",1,0,0.774227600333535,0,1,0,1,0,0.992075553625706,"Neither"
"SERPINB1A",1,0,0.695135433590309,0,0.705778784460839,0,0.149531592102967,0,0.988384715588363,"Neither"
"SERPINB1B",1,0,0.539837930263433,0,2.18244329549548e-07,1,0.530656875089289,0,0.982631350412505,"Neither"
"SERPINF1",1,0,0.434733137873788,0,2.39680248185784e-05,1,0.000163266218591119,1,0.981980026052974,"Neither"
"SFRP2",1,0,0.797222150080937,0,0.000121045632468036,1,0.0741290605948774,0,0.992075553625706,"Neither"
"SHISA8",1,0,0.854945341501709,0,1,0,1,0,0.994897959183674,"Neither"
"SHOX2",1,0,0.685454871833876,0,2.50566377284348e-15,1,0.233180526712792,0,0.992835432045158,"Neither"
"SIGLECH",1,0,0.727912849412586,0,1,0,0.101746140089465,0,0.990664350846722,"Neither"
"SIM1",1,0,0.190311060518017,0,2.50566377284348e-15,1,6.86789996002901e-07,1,0.973512809379071,"Neither"
"SIX3",1,0,0.260641922711183,0,2.50566377284348e-15,1,8.32838672387821e-47,1,0.975032566217977,"Neither"
"SKOR1",1,0,0.497060670509759,0,1.70116973824468e-11,1,0.0285850404436016,1,0.989144594007816,"Neither"
"SLC18A2",1,0,0.850337688650398,0,5.63740886264906e-12,1,0.223722578454105,0,0.996092053842814,"Neither"
"SLC1A3",1,0,0.0107708698822357,0,3.8673436882973e-10,1,6.01644742165687e-17,1,0.825879287885367,"Neither"
"SLC1A6",1,0,0.633362772392049,0,1,0,0.391772843198209,0,0.984802431610942,"Neither"
"SLC22A4",1,0,0.516365985336634,0,1.29248234814725e-06,1,1,0,0.989036039947894,"Neither"
"SLC24A2",1,0,0.0218999415058253,0,3.08030734496979e-15,1,1.10569542394774e-19,1,0.866695614415979,"Neither"
"SLC26A3",1,0,0.908344365296261,0,1,0,1,0,0.995766391663048,"Neither"
"SLC32A1",1,0,0.000630354018177348,1,3.08030734496979e-15,1,1.03806389815332e-72,1,0.76237516283109,"scBSP only"
"SLC34A2",1,0,0.651090271151914,0,0.0012188755957699,1,0.176416011726946,0,0.989795918367347,"Neither"
"SLC36A2",1,0,0.52817966499102,0,0.135726158488115,0,0.181988512055943,0,0.983825445071646,"Neither"
"SLC5A7",1,0,0.65516730631719,0,3.08030734496979e-15,1,1,0,0.994355188884064,"Neither"
"SLC6A4",1,0,0.497455214880008,0,0.00171356500131411,1,0.115875789191154,0,0.982631350412505,"Neither"
"SLC6A5",1,0,0.718893161818589,0,1.69463833863636e-11,1,0.15823356033084,0,0.991858445505862,"Neither"
"SLC7A10",1,0,0.378059589340083,0,0.0307570340181815,1,0.00103367375431546,1,0.977203647416413,"Neither"
"SLCO3A1",1,0,0.0345810641444946,0,2.50566377284348e-15,1,6.73817231712142e-14,1,0.905557967867998,"Neither"
"SNX33",1,0,0.24223333223593,0,1,0,0.524996365172173,0,0.96341728180634,"Neither"
"SOCS3",1,0,0.669890526604962,0,0.00224661995521597,1,1,0,0.995223621363439,"Neither"
"SORCS1",1,0,0.0349613866777798,0,2.50566377284348e-15,1,3.37435140694812e-16,1,0.910660008684325,"Neither"
"SOST",1,0,0.545556426766874,0,0.0389116364917321,1,0.0403190372490211,1,0.990447242726878,"Neither"
"SOSTDC1",1,0,0.730278215118667,0,1.2604652467309e-07,1,0.00470137308233175,1,0.991966999565784,"Neither"
"SOX4",1,0,0.489370638992976,0,7.62086118750095e-07,1,0.0467969829342347,1,0.985019539730786,"Neither"
"SP9",1,0,0.214538829558737,0,3.08030734496979e-15,1,7.2251326694512e-12,1,0.981328701693443,"Neither"
"SPDEF",1,0,0.910822706093059,0,2.50566377284348e-15,1,1,0,0.998263135041251,"Neither"
"SPON1",1,0,0.0221218456803768,0,3.08030734496979e-15,1,2.69830376350878e-23,1,0.866261398176292,"Neither"
"SPON2",1,0,0.972943626354721,0,2.50566377284348e-15,1,1,0,0.998371689101172,"Neither"
"SPP1",1,0,0.765783957041599,0,1,0,1,0,0.991424229266175,"Neither"
"SPP2",1,0,0.783129922723289,0,0.712950030749452,0,0.812158850258554,0,0.993269648284846,"Neither"
"SSPO",1,0,0.834605718918543,0,0.203118425093396,0,1,0,0.992835432045158,"Neither"
"SSTR1",1,0,0.8253096883538,0,1,0,0.753732662318395,0,0.991424229266175,"Neither"
"SSTR2",1,0,0.665767925067533,0,4.67740665532335e-05,1,1,0,0.98936170212766,"Neither"
"ST8SIA4",1,0,0.445652681158995,0,5.15544295129028e-09,1,1,0,0.983716891011724,"Neither"
"ST8SIA6",1,0,0.276234441882641,0,9.22239975639544e-05,1,0.0384500553518199,1,0.979808944854538,"Neither"
"STEAP2",1,0,0.395028594528383,0,0.00143291397672315,1,0.00322584576599224,1,0.981654363873209,"Neither"
"STMN2",1,0,0.00187598554608537,1,2.50566377284348e-15,1,8.32013637929513e-53,1,0.697459834997829,"scBSP only"
"SV2C",1,0,0.30495669477405,0,1.13834930442317e-09,1,0.000106319949674311,1,0.963634389926183,"Neither"
"SYNPO2",1,0,0.298107303376093,0,5.55465258928979e-15,1,0.00319160453754664,1,0.968627876682588,"Neither"
"SYNPR",1,0,0.0177002511152461,0,2.50566377284348e-15,1,3.64288702995499e-15,1,0.891120277898393,"Neither"
"SYT15",1,0,0.595823707890838,0,0.000874587147305445,1,0.0243787228194109,1,0.991532783326096,"Neither"
"SYT2",1,0,0.050967446267976,0,2.50566377284348e-15,1,1.7039582493111e-45,1,0.941815023881893,"Neither"
"SYT6",1,0,0.0851789198294065,0,3.08030734496979e-15,1,5.50140232108476e-09,1,0.93693009118541,"Neither"
"TAC1",1,0,0.00167762729405208,1,3.08030734496979e-15,1,2.73158406024855e-38,1,0.899696048632219,"scBSP only"
"TAC2",1,0,0.0431546450230283,0,2.50566377284348e-15,1,4.85356535707402e-13,1,0.956578376031264,"Neither"
"TACR3",1,0,0.461071987263981,0,0.00893570554407524,1,0.879857811726555,0,0.992509769865393,"Neither"
"TACSTD2",1,0,0.728912390658667,0,1,0,1,0,0.993703864524533,"Neither"
"TAGLN",1,0,0.805817202012966,0,0.000982551854097056,1,0.364370799384271,0,0.994029526704299,"Neither"
"TAL1",1,0,0.591064203270261,0,1,0,0.0852631237958408,0,0.986322188449848,"Neither"
"TBX18",1,0,0.768632662241409,0,0.0017202677895035,1,1,0,0.993161094224924,"Neither"
"TBX20",1,0,0.874201652523231,0,1,0,1,0,0.995766391663048,"Neither"
"TBXA2R",1,0,0.939503750684153,0,6.81924735317872e-05,1,0.212608757780207,0,0.997720364741641,"Neither"
"TCF7L2",1,0,0.0582008079438492,0,2.50566377284348e-15,1,3.23025892958035e-31,1,0.943334780720799,"Neither"
"TEK",1,0,0.620951392136999,0,0.00944125930038597,1,0.297895762727053,0,0.990881458966565,"Neither"
"TFAP2B",1,0,0.854981761378572,0,0.0652949919546449,0,0.00487635186412263,1,0.992835432045158,"Neither"
"TFAP2C",1,0,0.632132083430556,0,0.0240947244334928,1,0.0357700980745855,1,0.989253148067738,"Neither"
"TGFB2",1,0,0.46785675698118,0,2.30528540505732e-05,1,0.120742766234448,0,0.984585323491099,"Neither"
"TH",1,0,0.0547638021963909,0,2.50566377284348e-15,1,1.2407218942726e-05,1,0.973729917498914,"Neither"
"THBD",1,0,0.613218026012138,0,1.20206112252645e-07,1,0.840480559440755,0,0.989144594007816,"Neither"
"THRSP",1,0,0.0452630102560198,0,2.50566377284348e-15,1,0.00180473449592217,1,0.936387320885801,"Neither"
"TIAM1",1,0,0.0431458620860001,0,2.50566377284348e-15,1,4.0272908692572e-43,1,0.917064698219713,"Neither"
"TIAM2",1,0,0.728886781112951,0,0.000733640840730879,1,0.22941790168086,0,0.993595310464611,"Neither"
"TMEM114",1,0,0.6516033844389,0,0.0336244801389647,1,0.479996440212679,0,0.986756404689535,"Neither"
"TMEM141",1,0,0.217831347012394,0,0.000691488695032743,1,0.0775244313952758,0,0.964285714285714,"Neither"
"TMEM212",1,0,0.792725726575642,0,0.616786114232321,0,0.530656875089289,0,0.993595310464611,"Neither"
"TMEM215",1,0,0.200597945626595,0,2.50566377284348e-15,1,1.94411702225333e-33,1,0.96168041684759,"Neither"
"TMEM255A",1,0,0.0918200401781071,0,3.08030734496979e-15,1,1.67485587826151e-41,1,0.946374294398611,"Neither"
"TMEM26",1,0,0.774032127256405,0,0.371545174502038,0,1,0,0.992401215805471,"Neither"
"TMEM54",1,0,0.854254855975206,0,1,0,1,0,0.99587494572297,"Neither"
"TMEM88B",1,0,0.194026306531179,0,0.00243638042821392,1,3.85602471587308e-08,1,0.953647416413374,"Neither"
"TMSB4X",1,0,2.07372297444941e-07,1,2.50566377284348e-15,1,5.02895907391595e-92,1,0.178028658271819,"scBSP only"
"TNNC1",1,0,0.442338080305477,0,0.0157683451125382,1,0.262952924886067,0,0.981980026052974,"Neither"
"TNNI3",1,0,0.729265699167143,0,3.35894195720978e-09,1,1,0,0.994029526704299,"Neither"
"TNNT3",1,0,0.620368982653485,0,0.0109534609845946,1,1,0,0.989795918367347,"Neither"
"TNR",1,0,0.0535112706465415,0,0.0329445190765309,1,0.00203466414082246,1,0.911311333043856,"Neither"
"TOP2A",1,0,0.921558809367499,0,3.08030734496979e-15,1,0.243498798608315,0,0.998154580981329,"Neither"
"TOX",1,0,0.0117092239676355,0,3.08030734496979e-15,1,8.50480067176116e-10,1,0.839665653495441,"Neither"
"TPBG",1,0,0.370889290379302,0,0.00117215624706626,1,0.0026238699182511,1,0.97937472861485,"Neither"
"TPD52L1",1,0,0.498183769210541,0,0.000701592631009845,1,0.437830552426981,0,0.98056882327399,"Neither"
"TRAF3IP3",1,0,0.0914237097581007,0,2.50566377284348e-15,1,1.91691632940837e-27,1,0.980894485453756,"Neither"
"TRAPPC3L",1,0,0.809614477777426,0,1.62012226757051e-06,1,1.7300664953373e-05,1,0.992292661745549,"Neither"
"TRDN",1,0,0.737613315309362,0,1,0,0.0779332115999732,0,0.990013026487191,"Neither"
"TREM2",1,0,0.38691615353467,0,0.0657742715778539,0,0.0382859200460674,1,0.978831958315241,"Neither"
"TRF",1,0,0.00115748479001299,1,2.50566377284348e-15,1,1.22652940780873e-79,1,0.742618323925315,"scBSP only"
"TRHR",1,0,0.748378236495545,0,0.00604225960282934,1,0.0256069425676579,1,0.990772904906643,"Neither"
"TRIM54",1,0,0.888248150300208,0,0.0109119172478895,1,0.692914381882886,0,0.994138080764221,"Neither"
"TRIM66",1,0,0.0422263675231176,0,3.08030734496979e-15,1,1.29611955471964e-14,1,0.901650021710812,"Neither"
"TRPS1",1,0,0.150991010105662,0,0.235447713703941,0,0.823641289495642,0,0.957229700390795,"Neither"
"TSHZ2",1,0,0.00557556429930728,1,5.55465258928979e-15,1,7.33833974344418e-15,1,0.79895788102475,"scBSP only"
"TSPAN8",1,0,0.832173038435756,0,0.330388451185534,0,1,0,0.993052540165002,"Neither"
"TTR",1,0,0.265595577913533,0,3.08030734496979e-15,1,5.24202791916779e-32,1,0.975032566217977,"Neither"
"TTYH1",1,0,0.0328466397251982,0,1.09051102186484e-10,1,0.0249553550344067,1,0.885258358662614,"Neither"
"UCN2",1,0,0.857438481163187,0,0.132956185137562,0,0.115944598104006,0,0.993703864524533,"Neither"
"UCN3",1,0,0.725611254165467,0,1,0,1,0,0.988384715588363,"Neither"
"UNC5B",1,0,0.533176735091019,0,0.336435300871905,0,0.0206240735369694,1,0.986105080330004,"Neither"
"UNG",1,0,0.823296270567833,0,1,0,1,0,0.993269648284846,"Neither"
"URAH",1,0,0.717924059357837,0,1,0,0.380984588661466,0,0.991315675206253,"Neither"
"UTS2B",1,0,0.707320285180722,0,9.90266651536746e-08,1,7.66813200338874e-05,1,0.990230134607034,"Neither"
"VAMP1",1,0,3.36504458142706e-05,1,3.08030734496979e-15,1,1.38857160807131e-192,1,0.588145896656535,"scBSP only"
"VEGFA",1,0,0.292222968254021,0,3.08030734496979e-15,1,9.62054019191599e-08,1,0.972752930959618,"Neither"
"VIM",1,0,0.0713903766448323,0,4.04222788427615e-12,1,6.16819221802357e-05,1,0.939969604863222,"Neither"
"VIPR2",1,0,0.732079187516271,0,0.160278865551836,0,1,0,0.994029526704299,"Neither"
"VTN",1,0,0.051039202306329,0,0.00874079872592508,1,0.126060063582109,0,0.967542336083369,"Neither"
"VWC2",1,0,0.454796051848633,0,1,0,0.0403190372490211,1,0.975792444637429,"Neither"
"WFDC12",1,0,0.843948085620163,0,0.00906875853187111,1,1,0,0.996200607902736,"Neither"
"WFDC18",1,0,0.709928556559632,0,0.00740911966106078,1,0.0202625746453539,1,0.993378202344768,"Neither"
"WFDC2",1,0,0.721344008143402,0,0.00174175788391817,1,0.234768985732913,0,0.992726877985237,"Neither"
"WFS1",1,0,0.599263363350882,0,0.000346126720837565,1,0.00248738725987555,1,0.983825445071646,"Neither"
"WHRN",1,0,0.122108754470004,0,7.36785198700893e-11,1,7.97324387999158e-05,1,0.942683456361268,"Neither"
"YJEFN3",1,0,0.5558985773397,0,5.35385521355236e-05,1,1,0,0.98881893182805,"Neither"
"ZFP239",1,0,0.105177087522574,0,1,0,0.082239587393296,0,0.947568389057751,"Neither"
"ZIC1",1,0,0.629645719587946,0,3.30876940653915e-06,1,2.53100932336459e-07,1,0.988927485887972,"Neither"
