"method_1","method_2","category","gene"
"GeoSVG-3D","scBSP","Overlap","ADCYAP1R1"
"GeoSVG-3D","scBSP","Overlap","ALCAM"
"GeoSVG-3D","scBSP","Overlap","ASS1"
"GeoSVG-3D","scBSP","Overlap","CACNA2D2"
"GeoSVG-3D","scBSP","Overlap","CALB2"
"GeoSVG-3D","scBSP","Overlap","CALCR"
"GeoSVG-3D","scBSP","Overlap","CAMK2D"
"GeoSVG-3D","scBSP","Overlap","CBLN2"
"GeoSVG-3D","scBSP","Overlap","CLU"
"GeoSVG-3D","scBSP","Overlap","DKK3"
"GeoSVG-3D","scBSP","Overlap","DLK1"
"GeoSVG-3D","scBSP","Overlap","EBF3"
"GeoSVG-3D","scBSP","Overlap","HAP1"
"GeoSVG-3D","scBSP","Overlap","HPCAL1"
"GeoSVG-3D","scBSP","Overlap","IGSF8"
"GeoSVG-3D","scBSP","Overlap","ITIH3"
"GeoSVG-3D","scBSP","Overlap","KLHL1"
"GeoSVG-3D","scBSP","Overlap","LSAMP"
"GeoSVG-3D","scBSP","Overlap","MDGA1"
"GeoSVG-3D","scBSP","Overlap","NPTX1"
"GeoSVG-3D","scBSP","Overlap","NRGN"
"GeoSVG-3D","scBSP","Overlap","NTSR2"
"GeoSVG-3D","scBSP","Overlap","PMCH"
"GeoSVG-3D","scBSP","Overlap","RGS4"
"GeoSVG-3D","scBSP","Overlap","RPS24"
"GeoSVG-3D","scBSP","Overlap","SATB1"
"GeoSVG-3D","scBSP","Overlap","SEZ6"
"GeoSVG-3D","scBSP","Overlap","SLC6A11"
"GeoSVG-3D","scBSP","Overlap","SNCG"
"GeoSVG-3D","scBSP","Overlap","SPARC"
"GeoSVG-3D","scBSP","Overlap","SUMO2"
"GeoSVG-3D","scBSP","Overlap","TMEM163"
"GeoSVG-3D","scBSP","GeoSVG-3D only","ABCC9"
"GeoSVG-3D","scBSP","GeoSVG-3D only","ADAMTS15"
"GeoSVG-3D","scBSP","GeoSVG-3D only","ADCY1"
"GeoSVG-3D","scBSP","GeoSVG-3D only","ADORA1"
"GeoSVG-3D","scBSP","GeoSVG-3D only","ADORA2B"
"GeoSVG-3D","scBSP","GeoSVG-3D only","ADORA3"
"GeoSVG-3D","scBSP","GeoSVG-3D only","ADRA1B"
"GeoSVG-3D","scBSP","GeoSVG-3D only","ADRB1"
"GeoSVG-3D","scBSP","GeoSVG-3D only","ADRB3"
"GeoSVG-3D","scBSP","GeoSVG-3D only","AFP"
"GeoSVG-3D","scBSP","GeoSVG-3D only","AGRP"
"GeoSVG-3D","scBSP","GeoSVG-3D only","ANPEP"
"GeoSVG-3D","scBSP","GeoSVG-3D only","ANXA11"
"GeoSVG-3D","scBSP","GeoSVG-3D only","ARG1"
"GeoSVG-3D","scBSP","GeoSVG-3D only","ARHGAP36"
"GeoSVG-3D","scBSP","GeoSVG-3D only","ARSJ"
"GeoSVG-3D","scBSP","GeoSVG-3D only","AVP"
"GeoSVG-3D","scBSP","GeoSVG-3D only","B3GAT2"
"GeoSVG-3D","scBSP","GeoSVG-3D only","BAIAP2L1"
"GeoSVG-3D","scBSP","GeoSVG-3D only","BDKRB2"
"GeoSVG-3D","scBSP","GeoSVG-3D only","BMP3"
"GeoSVG-3D","scBSP","GeoSVG-3D only","C1QL2"
"GeoSVG-3D","scBSP","GeoSVG-3D only","C1QTNF7"
"GeoSVG-3D","scBSP","GeoSVG-3D only","CACNG4"
"GeoSVG-3D","scBSP","GeoSVG-3D only","CAR4"
"GeoSVG-3D","scBSP","GeoSVG-3D only","CAR8"
"GeoSVG-3D","scBSP","GeoSVG-3D only","CBLN4"
"GeoSVG-3D","scBSP","GeoSVG-3D only","CBS"
"GeoSVG-3D","scBSP","GeoSVG-3D only","CCK"
"GeoSVG-3D","scBSP","GeoSVG-3D only","CCKBR"
"GeoSVG-3D","scBSP","GeoSVG-3D only","CCN4"
"GeoSVG-3D","scBSP","GeoSVG-3D only","CCND2"
"GeoSVG-3D","scBSP","GeoSVG-3D only","CCSAP"
"GeoSVG-3D","scBSP","GeoSVG-3D only","CD74"
"GeoSVG-3D","scBSP","GeoSVG-3D only","CD93"
"GeoSVG-3D","scBSP","GeoSVG-3D only","CDC20"
"GeoSVG-3D","scBSP","GeoSVG-3D only","CDH13"
"GeoSVG-3D","scBSP","GeoSVG-3D only","CDH7"
"GeoSVG-3D","scBSP","GeoSVG-3D only","CDK1"
"GeoSVG-3D","scBSP","GeoSVG-3D only","CFAP58"
"GeoSVG-3D","scBSP","GeoSVG-3D only","CFH"
"GeoSVG-3D","scBSP","GeoSVG-3D only","CHRM1"
"GeoSVG-3D","scBSP","GeoSVG-3D only","CHRM4"
"GeoSVG-3D","scBSP","GeoSVG-3D only","CHRM5"
"GeoSVG-3D","scBSP","GeoSVG-3D only","CLDN10"
"GeoSVG-3D","scBSP","GeoSVG-3D only","CLDN19"
"GeoSVG-3D","scBSP","GeoSVG-3D only","CLIC6"
"GeoSVG-3D","scBSP","GeoSVG-3D only","CNN1"
"GeoSVG-3D","scBSP","GeoSVG-3D only","CNR2"
"GeoSVG-3D","scBSP","GeoSVG-3D only","COCH"
"GeoSVG-3D","scBSP","GeoSVG-3D only","COL12A1"
"GeoSVG-3D","scBSP","GeoSVG-3D only","COL19A1"
"GeoSVG-3D","scBSP","GeoSVG-3D only","COL20A1"
"GeoSVG-3D","scBSP","GeoSVG-3D only","COL24A1"
"GeoSVG-3D","scBSP","GeoSVG-3D only","COL3A1"
"GeoSVG-3D","scBSP","GeoSVG-3D only","COL5A1"
"GeoSVG-3D","scBSP","GeoSVG-3D only","CORO6"
"GeoSVG-3D","scBSP","GeoSVG-3D only","CORT"
"GeoSVG-3D","scBSP","GeoSVG-3D only","CPA6"
"GeoSVG-3D","scBSP","GeoSVG-3D only","CPB1"
"GeoSVG-3D","scBSP","GeoSVG-3D only","CPLX3"
"GeoSVG-3D","scBSP","GeoSVG-3D only","CPNE5"
"GeoSVG-3D","scBSP","GeoSVG-3D only","CRCT1"
"GeoSVG-3D","scBSP","GeoSVG-3D only","CRH"
"GeoSVG-3D","scBSP","GeoSVG-3D only","CRIM1"
"GeoSVG-3D","scBSP","GeoSVG-3D only","CSRP2"
"GeoSVG-3D","scBSP","GeoSVG-3D only","CUX2"
"GeoSVG-3D","scBSP","GeoSVG-3D only","DAPL1"
"GeoSVG-3D","scBSP","GeoSVG-3D only","DCN"
"GeoSVG-3D","scBSP","GeoSVG-3D only","DDIT4L"
"GeoSVG-3D","scBSP","GeoSVG-3D only","DGKK"
"GeoSVG-3D","scBSP","GeoSVG-3D only","DKK1"
"GeoSVG-3D","scBSP","GeoSVG-3D only","DLX1"
"GeoSVG-3D","scBSP","GeoSVG-3D only","DLX2"
"GeoSVG-3D","scBSP","GeoSVG-3D only","ECEL1"
"GeoSVG-3D","scBSP","GeoSVG-3D only","ELFN1"
"GeoSVG-3D","scBSP","GeoSVG-3D only","EMID1"
"GeoSVG-3D","scBSP","GeoSVG-3D only","EMX2"
"GeoSVG-3D","scBSP","GeoSVG-3D only","EN1"
"GeoSVG-3D","scBSP","GeoSVG-3D only","EPHA7"
"GeoSVG-3D","scBSP","GeoSVG-3D only","ETV1"
"GeoSVG-3D","scBSP","GeoSVG-3D only","FAM169B"
"GeoSVG-3D","scBSP","GeoSVG-3D only","FAM183B"
"GeoSVG-3D","scBSP","GeoSVG-3D only","FAM92B"
"GeoSVG-3D","scBSP","GeoSVG-3D only","FAT2"
"GeoSVG-3D","scBSP","GeoSVG-3D only","FBP2"
"GeoSVG-3D","scBSP","GeoSVG-3D only","FERMT1"
"GeoSVG-3D","scBSP","GeoSVG-3D only","FEZF1"
"GeoSVG-3D","scBSP","GeoSVG-3D only","FEZF2"
"GeoSVG-3D","scBSP","GeoSVG-3D only","FOXP2"
"GeoSVG-3D","scBSP","GeoSVG-3D only","GABRA5"
"GeoSVG-3D","scBSP","GeoSVG-3D only","GABRQ"
"GeoSVG-3D","scBSP","GeoSVG-3D only","GCHFR"
"GeoSVG-3D","scBSP","GeoSVG-3D only","GFRA1"
"GeoSVG-3D","scBSP","GeoSVG-3D only","GHRHR"
"GeoSVG-3D","scBSP","GeoSVG-3D only","GLRA1"
"GeoSVG-3D","scBSP","GeoSVG-3D only","GLRA3"
"GeoSVG-3D","scBSP","GeoSVG-3D only","GPSM3"
"GeoSVG-3D","scBSP","GeoSVG-3D only","GPX2"
"GeoSVG-3D","scBSP","GeoSVG-3D only","GPX3"
"GeoSVG-3D","scBSP","GeoSVG-3D only","GRIK1"
"GeoSVG-3D","scBSP","GeoSVG-3D only","GRM3"
"GeoSVG-3D","scBSP","GeoSVG-3D only","HAPLN1"
"GeoSVG-3D","scBSP","GeoSVG-3D only","HCRTR2"
"GeoSVG-3D","scBSP","GeoSVG-3D only","HDC"
"GeoSVG-3D","scBSP","GeoSVG-3D only","HOXA5"
"GeoSVG-3D","scBSP","GeoSVG-3D only","HOXA9"
"GeoSVG-3D","scBSP","GeoSVG-3D only","HOXB5"
"GeoSVG-3D","scBSP","GeoSVG-3D only","HOXB7"
"GeoSVG-3D","scBSP","GeoSVG-3D only","HS3ST2"
"GeoSVG-3D","scBSP","GeoSVG-3D only","HS3ST4"
"GeoSVG-3D","scBSP","GeoSVG-3D only","HTR2B"
"GeoSVG-3D","scBSP","GeoSVG-3D only","HTR2C"
"GeoSVG-3D","scBSP","GeoSVG-3D only","IGFBP2"
"GeoSVG-3D","scBSP","GeoSVG-3D only","IGFBP4"
"GeoSVG-3D","scBSP","GeoSVG-3D only","IGFBP6"
"GeoSVG-3D","scBSP","GeoSVG-3D only","IL1R1"
"GeoSVG-3D","scBSP","GeoSVG-3D only","INHBA"
"GeoSVG-3D","scBSP","GeoSVG-3D only","INMT"
"GeoSVG-3D","scBSP","GeoSVG-3D only","INSRR"
"GeoSVG-3D","scBSP","GeoSVG-3D only","IRX4"
"GeoSVG-3D","scBSP","GeoSVG-3D only","IYD"
"GeoSVG-3D","scBSP","GeoSVG-3D only","JUNB"
"GeoSVG-3D","scBSP","GeoSVG-3D only","KCNAB3"
"GeoSVG-3D","scBSP","GeoSVG-3D only","KCNC3"
"GeoSVG-3D","scBSP","GeoSVG-3D only","KCNG1"
"GeoSVG-3D","scBSP","GeoSVG-3D only","KCNH8"
"GeoSVG-3D","scBSP","GeoSVG-3D only","KCNMB1"
"GeoSVG-3D","scBSP","GeoSVG-3D only","KCNMB2"
"GeoSVG-3D","scBSP","GeoSVG-3D only","KCNS1"
"GeoSVG-3D","scBSP","GeoSVG-3D only","KISS1R"
"GeoSVG-3D","scBSP","GeoSVG-3D only","KIT"
"GeoSVG-3D","scBSP","GeoSVG-3D only","KITL"
"GeoSVG-3D","scBSP","GeoSVG-3D only","KRT12"
"GeoSVG-3D","scBSP","GeoSVG-3D only","KRT15"
"GeoSVG-3D","scBSP","GeoSVG-3D only","KRT27"
"GeoSVG-3D","scBSP","GeoSVG-3D only","LAMP5"
"GeoSVG-3D","scBSP","GeoSVG-3D only","LANCL3"
"GeoSVG-3D","scBSP","GeoSVG-3D only","LCN2"
"GeoSVG-3D","scBSP","GeoSVG-3D only","LEFTY1"
"GeoSVG-3D","scBSP","GeoSVG-3D only","LHX8"
"GeoSVG-3D","scBSP","GeoSVG-3D only","LMO1"
"GeoSVG-3D","scBSP","GeoSVG-3D only","LPAR3"
"GeoSVG-3D","scBSP","GeoSVG-3D only","LPL"
"GeoSVG-3D","scBSP","GeoSVG-3D only","LRG1"
"GeoSVG-3D","scBSP","GeoSVG-3D only","LTK"
"GeoSVG-3D","scBSP","GeoSVG-3D only","LY6A"
"GeoSVG-3D","scBSP","GeoSVG-3D only","LY6G6E"
"GeoSVG-3D","scBSP","GeoSVG-3D only","LYPD6B"
"GeoSVG-3D","scBSP","GeoSVG-3D only","MAOB"
"GeoSVG-3D","scBSP","GeoSVG-3D only","MAP3K7CL"
"GeoSVG-3D","scBSP","GeoSVG-3D only","MEOX1"
"GeoSVG-3D","scBSP","GeoSVG-3D only","MFAP4"
"GeoSVG-3D","scBSP","GeoSVG-3D only","MFGE8"
"GeoSVG-3D","scBSP","GeoSVG-3D only","MFSD2A"
"GeoSVG-3D","scBSP","GeoSVG-3D only","MGP"
"GeoSVG-3D","scBSP","GeoSVG-3D only","MKI67"
"GeoSVG-3D","scBSP","GeoSVG-3D only","MLC1"
"GeoSVG-3D","scBSP","GeoSVG-3D only","MMP2"
"GeoSVG-3D","scBSP","GeoSVG-3D only","MPZ"
"GeoSVG-3D","scBSP","GeoSVG-3D only","MRAP2"
"GeoSVG-3D","scBSP","GeoSVG-3D only","MRC1"
"GeoSVG-3D","scBSP","GeoSVG-3D only","MRGPRD"
"GeoSVG-3D","scBSP","GeoSVG-3D only","MS4A15"
"GeoSVG-3D","scBSP","GeoSVG-3D only","MTNR1A"
"GeoSVG-3D","scBSP","GeoSVG-3D only","MUSTN1"
"GeoSVG-3D","scBSP","GeoSVG-3D only","MYOC"
"GeoSVG-3D","scBSP","GeoSVG-3D only","NDST4"
"GeoSVG-3D","scBSP","GeoSVG-3D only","NELL1"
"GeoSVG-3D","scBSP","GeoSVG-3D only","NEUROD2"
"GeoSVG-3D","scBSP","GeoSVG-3D only","NEUROD6"
"GeoSVG-3D","scBSP","GeoSVG-3D only","NMS"
"GeoSVG-3D","scBSP","GeoSVG-3D only","NOTUM"
"GeoSVG-3D","scBSP","GeoSVG-3D only","NOV"
"GeoSVG-3D","scBSP","GeoSVG-3D only","NPBWR1"
"GeoSVG-3D","scBSP","GeoSVG-3D only","NPFF"
"GeoSVG-3D","scBSP","GeoSVG-3D only","NPY"
"GeoSVG-3D","scBSP","GeoSVG-3D only","NPY1R"
"GeoSVG-3D","scBSP","GeoSVG-3D only","NPY4R"
"GeoSVG-3D","scBSP","GeoSVG-3D only","NR4A3"
"GeoSVG-3D","scBSP","GeoSVG-3D only","NTSR1"
"GeoSVG-3D","scBSP","GeoSVG-3D only","NXPH1"
"GeoSVG-3D","scBSP","GeoSVG-3D only","NXPH4"
"GeoSVG-3D","scBSP","GeoSVG-3D only","NYAP2"
"GeoSVG-3D","scBSP","GeoSVG-3D only","OPRD1"
"GeoSVG-3D","scBSP","GeoSVG-3D only","OSCP1"
"GeoSVG-3D","scBSP","GeoSVG-3D only","OXT"
"GeoSVG-3D","scBSP","GeoSVG-3D only","PAK4"
"GeoSVG-3D","scBSP","GeoSVG-3D only","PARP14"
"GeoSVG-3D","scBSP","GeoSVG-3D only","PAX8"
"GeoSVG-3D","scBSP","GeoSVG-3D only","PBX3"
"GeoSVG-3D","scBSP","GeoSVG-3D only","PDE1A"
"GeoSVG-3D","scBSP","GeoSVG-3D only","PDGFRA"
"GeoSVG-3D","scBSP","GeoSVG-3D only","PDLIM1"
"GeoSVG-3D","scBSP","GeoSVG-3D only","PDZK1IP1"
"GeoSVG-3D","scBSP","GeoSVG-3D only","PF4"
"GeoSVG-3D","scBSP","GeoSVG-3D only","PGR15L"
"GeoSVG-3D","scBSP","GeoSVG-3D only","PIK3R3"
"GeoSVG-3D","scBSP","GeoSVG-3D only","PLCXD2"
"GeoSVG-3D","scBSP","GeoSVG-3D only","PNMT"
"GeoSVG-3D","scBSP","GeoSVG-3D only","POMC"
"GeoSVG-3D","scBSP","GeoSVG-3D only","POU4F2"
"GeoSVG-3D","scBSP","GeoSVG-3D only","PPP1R3G"
"GeoSVG-3D","scBSP","GeoSVG-3D only","PRC1"
"GeoSVG-3D","scBSP","GeoSVG-3D only","PRKCG"
"GeoSVG-3D","scBSP","GeoSVG-3D only","PROCR"
"GeoSVG-3D","scBSP","GeoSVG-3D only","PROK2"
"GeoSVG-3D","scBSP","GeoSVG-3D only","PRX"
"GeoSVG-3D","scBSP","GeoSVG-3D only","PTPRZ1"
"GeoSVG-3D","scBSP","GeoSVG-3D only","PVALB"
"GeoSVG-3D","scBSP","GeoSVG-3D only","PYY"
"GeoSVG-3D","scBSP","GeoSVG-3D only","RARRES1"
"GeoSVG-3D","scBSP","GeoSVG-3D only","RASL10A"
"GeoSVG-3D","scBSP","GeoSVG-3D only","RASL11A"
"GeoSVG-3D","scBSP","GeoSVG-3D only","RBP4"
"GeoSVG-3D","scBSP","GeoSVG-3D only","RELN"
"GeoSVG-3D","scBSP","GeoSVG-3D only","RGS14"
"GeoSVG-3D","scBSP","GeoSVG-3D only","RGS9"
"GeoSVG-3D","scBSP","GeoSVG-3D only","RLN3"
"GeoSVG-3D","scBSP","GeoSVG-3D only","RORB"
"GeoSVG-3D","scBSP","GeoSVG-3D only","RSPO3"
"GeoSVG-3D","scBSP","GeoSVG-3D only","RXFP1"
"GeoSVG-3D","scBSP","GeoSVG-3D only","RXRG"
"GeoSVG-3D","scBSP","GeoSVG-3D only","SAPCD2"
"GeoSVG-3D","scBSP","GeoSVG-3D only","SATB2"
"GeoSVG-3D","scBSP","GeoSVG-3D only","SCN4B"
"GeoSVG-3D","scBSP","GeoSVG-3D only","SCTR"
"GeoSVG-3D","scBSP","GeoSVG-3D only","SEMA3A"
"GeoSVG-3D","scBSP","GeoSVG-3D only","SEMA4D"
"GeoSVG-3D","scBSP","GeoSVG-3D only","SEMA5A"
"GeoSVG-3D","scBSP","GeoSVG-3D only","SLA"
"GeoSVG-3D","scBSP","GeoSVG-3D only","SLA2"
"GeoSVG-3D","scBSP","GeoSVG-3D only","SLC17A6"
"GeoSVG-3D","scBSP","GeoSVG-3D only","SLC17A7"
"GeoSVG-3D","scBSP","GeoSVG-3D only","SLC17A8"
"GeoSVG-3D","scBSP","GeoSVG-3D only","SLC18A3"
"GeoSVG-3D","scBSP","GeoSVG-3D only","SLC30A3"
"GeoSVG-3D","scBSP","GeoSVG-3D only","SLC47A1"
"GeoSVG-3D","scBSP","GeoSVG-3D only","SLC6A13"
"GeoSVG-3D","scBSP","GeoSVG-3D only","SLC6A2"
"GeoSVG-3D","scBSP","GeoSVG-3D only","SLC6A3"
"GeoSVG-3D","scBSP","GeoSVG-3D only","SLN"
"GeoSVG-3D","scBSP","GeoSVG-3D only","SMIM17"
"GeoSVG-3D","scBSP","GeoSVG-3D only","SMOC1"
"GeoSVG-3D","scBSP","GeoSVG-3D only","SOX11"
"GeoSVG-3D","scBSP","GeoSVG-3D only","SOX14"
"GeoSVG-3D","scBSP","GeoSVG-3D only","SPHKAP"
"GeoSVG-3D","scBSP","GeoSVG-3D only","SPINK8"
"GeoSVG-3D","scBSP","GeoSVG-3D only","SST"
"GeoSVG-3D","scBSP","GeoSVG-3D only","ST18"
"GeoSVG-3D","scBSP","GeoSVG-3D only","STAC2"
"GeoSVG-3D","scBSP","GeoSVG-3D only","STARD8"
"GeoSVG-3D","scBSP","GeoSVG-3D only","STK32B"
"GeoSVG-3D","scBSP","GeoSVG-3D only","SULF1"
"GeoSVG-3D","scBSP","GeoSVG-3D only","SULF2"
"GeoSVG-3D","scBSP","GeoSVG-3D only","TACR1"
"GeoSVG-3D","scBSP","GeoSVG-3D only","TAX1BP3"
"GeoSVG-3D","scBSP","GeoSVG-3D only","TBR1"
"GeoSVG-3D","scBSP","GeoSVG-3D only","TCAP"
"GeoSVG-3D","scBSP","GeoSVG-3D only","TCERG1L"
"GeoSVG-3D","scBSP","GeoSVG-3D only","TCF4"
"GeoSVG-3D","scBSP","GeoSVG-3D only","TEDDM3"
"GeoSVG-3D","scBSP","GeoSVG-3D only","TEKT5"
"GeoSVG-3D","scBSP","GeoSVG-3D only","TFAP2D"
"GeoSVG-3D","scBSP","GeoSVG-3D only","TIMP4"
"GeoSVG-3D","scBSP","GeoSVG-3D only","TLX3"
"GeoSVG-3D","scBSP","GeoSVG-3D only","TMEM119"
"GeoSVG-3D","scBSP","GeoSVG-3D only","TMEM132C"
"GeoSVG-3D","scBSP","GeoSVG-3D only","TMEM233"
"GeoSVG-3D","scBSP","GeoSVG-3D only","TMEM255B"
"GeoSVG-3D","scBSP","GeoSVG-3D only","TMEM72"
"GeoSVG-3D","scBSP","GeoSVG-3D only","TNF"
"GeoSVG-3D","scBSP","GeoSVG-3D only","TNNT1"
"GeoSVG-3D","scBSP","GeoSVG-3D only","TPH2"
"GeoSVG-3D","scBSP","GeoSVG-3D only","TRP73"
"GeoSVG-3D","scBSP","GeoSVG-3D only","TRPV1"
"GeoSVG-3D","scBSP","GeoSVG-3D only","TUBGCP2"
"GeoSVG-3D","scBSP","GeoSVG-3D only","TYRP1"
"GeoSVG-3D","scBSP","GeoSVG-3D only","UBE2C"
"GeoSVG-3D","scBSP","GeoSVG-3D only","UCN"
"GeoSVG-3D","scBSP","GeoSVG-3D only","UGT8A"
"GeoSVG-3D","scBSP","GeoSVG-3D only","VCAN"
"GeoSVG-3D","scBSP","GeoSVG-3D only","VGLL3"
"GeoSVG-3D","scBSP","GeoSVG-3D only","VIP"
"GeoSVG-3D","scBSP","GeoSVG-3D only","VWC2L"
"GeoSVG-3D","scBSP","GeoSVG-3D only","VWF"
"GeoSVG-3D","scBSP","GeoSVG-3D only","WIF1"
"GeoSVG-3D","scBSP","GeoSVG-3D only","WNT2"
"GeoSVG-3D","scBSP","GeoSVG-3D only","ZBTB20"
"GeoSVG-3D","scBSP","GeoSVG-3D only","ZFHX4"
"GeoSVG-3D","scBSP","scBSP only","ADCYAP1"
"GeoSVG-3D","scBSP","scBSP only","APOD"
"GeoSVG-3D","scBSP","scBSP only","BAIAP3"
"GeoSVG-3D","scBSP","scBSP only","CACNA2D1"
"GeoSVG-3D","scBSP","scBSP only","CADM1"
"GeoSVG-3D","scBSP","scBSP only","CAR2"
"GeoSVG-3D","scBSP","scBSP only","CARTPT"
"GeoSVG-3D","scBSP","scBSP only","CBLN1"
"GeoSVG-3D","scBSP","scBSP only","CLDN11"
"GeoSVG-3D","scBSP","scBSP only","CPNE6"
"GeoSVG-3D","scBSP","scBSP only","CST3"
"GeoSVG-3D","scBSP","scBSP only","CXCL14"
"GeoSVG-3D","scBSP","scBSP only","DBPHT2"
"GeoSVG-3D","scBSP","scBSP only","GABBR1"
"GeoSVG-3D","scBSP","scBSP only","GABBR2"
"GeoSVG-3D","scBSP","scBSP only","GAD2"
"GeoSVG-3D","scBSP","scBSP only","GFAP"
"GeoSVG-3D","scBSP","scBSP only","GJA1"
"GeoSVG-3D","scBSP","scBSP only","GPRASP2"
"GeoSVG-3D","scBSP","scBSP only","GPSM1"
"GeoSVG-3D","scBSP","scBSP only","GRM5"
"GeoSVG-3D","scBSP","scBSP only","GRM7"
"GeoSVG-3D","scBSP","scBSP only","HCRT"
"GeoSVG-3D","scBSP","scBSP only","HPCAL4"
"GeoSVG-3D","scBSP","scBSP only","HTRA1"
"GeoSVG-3D","scBSP","scBSP only","LMO3"
"GeoSVG-3D","scBSP","scBSP only","LYPD1"
"GeoSVG-3D","scBSP","scBSP only","MBP"
"GeoSVG-3D","scBSP","scBSP only","MEIS2"
"GeoSVG-3D","scBSP","scBSP only","MOG"
"GeoSVG-3D","scBSP","scBSP only","NEFM"
"GeoSVG-3D","scBSP","scBSP only","OLFM2"
"GeoSVG-3D","scBSP","scBSP only","OPRL1"
"GeoSVG-3D","scBSP","scBSP only","PARM1"
"GeoSVG-3D","scBSP","scBSP only","PCP4"
"GeoSVG-3D","scBSP","scBSP only","PEG10"
"GeoSVG-3D","scBSP","scBSP only","PENK"
"GeoSVG-3D","scBSP","scBSP only","PPP1R1B"
"GeoSVG-3D","scBSP","scBSP only","PPP2R2B"
"GeoSVG-3D","scBSP","scBSP only","PRKCD"
"GeoSVG-3D","scBSP","scBSP only","PROX1"
"GeoSVG-3D","scBSP","scBSP only","PTGDS"
"GeoSVG-3D","scBSP","scBSP only","RAB3B"
"GeoSVG-3D","scBSP","scBSP only","SLC32A1"
"GeoSVG-3D","scBSP","scBSP only","STMN2"
"GeoSVG-3D","scBSP","scBSP only","TAC1"
"GeoSVG-3D","scBSP","scBSP only","TMSB4X"
"GeoSVG-3D","scBSP","scBSP only","TRF"
"GeoSVG-3D","scBSP","scBSP only","TSHZ2"
"GeoSVG-3D","scBSP","scBSP only","VAMP1"
"GeoSVG-3D","SPARK","Overlap","ABCC9"
"GeoSVG-3D","SPARK","Overlap","ADAMTS15"
"GeoSVG-3D","SPARK","Overlap","ADCYAP1R1"
"GeoSVG-3D","SPARK","Overlap","ADORA1"
"GeoSVG-3D","SPARK","Overlap","ADORA2B"
"GeoSVG-3D","SPARK","Overlap","ADORA3"
"GeoSVG-3D","SPARK","Overlap","ADRA1B"
"GeoSVG-3D","SPARK","Overlap","ADRB1"
"GeoSVG-3D","SPARK","Overlap","ADRB3"
"GeoSVG-3D","SPARK","Overlap","AFP"
"GeoSVG-3D","SPARK","Overlap","ALCAM"
"GeoSVG-3D","SPARK","Overlap","ANPEP"
"GeoSVG-3D","SPARK","Overlap","ANXA11"
"GeoSVG-3D","SPARK","Overlap","ARHGAP36"
"GeoSVG-3D","SPARK","Overlap","ASS1"
"GeoSVG-3D","SPARK","Overlap","AVP"
"GeoSVG-3D","SPARK","Overlap","B3GAT2"
"GeoSVG-3D","SPARK","Overlap","BMP3"
"GeoSVG-3D","SPARK","Overlap","C1QL2"
"GeoSVG-3D","SPARK","Overlap","CACNA2D2"
"GeoSVG-3D","SPARK","Overlap","CACNG4"
"GeoSVG-3D","SPARK","Overlap","CALB2"
"GeoSVG-3D","SPARK","Overlap","CALCR"
"GeoSVG-3D","SPARK","Overlap","CAMK2D"
"GeoSVG-3D","SPARK","Overlap","CAR4"
"GeoSVG-3D","SPARK","Overlap","CAR8"
"GeoSVG-3D","SPARK","Overlap","CBLN2"
"GeoSVG-3D","SPARK","Overlap","CBLN4"
"GeoSVG-3D","SPARK","Overlap","CCK"
"GeoSVG-3D","SPARK","Overlap","CCKBR"
"GeoSVG-3D","SPARK","Overlap","CCN4"
"GeoSVG-3D","SPARK","Overlap","CCND2"
"GeoSVG-3D","SPARK","Overlap","CCSAP"
"GeoSVG-3D","SPARK","Overlap","CD74"
"GeoSVG-3D","SPARK","Overlap","CDC20"
"GeoSVG-3D","SPARK","Overlap","CDH13"
"GeoSVG-3D","SPARK","Overlap","CDH7"
"GeoSVG-3D","SPARK","Overlap","CDK1"
"GeoSVG-3D","SPARK","Overlap","CHRM1"
"GeoSVG-3D","SPARK","Overlap","CHRM4"
"GeoSVG-3D","SPARK","Overlap","CHRM5"
"GeoSVG-3D","SPARK","Overlap","CLDN10"
"GeoSVG-3D","SPARK","Overlap","CLU"
"GeoSVG-3D","SPARK","Overlap","CNN1"
"GeoSVG-3D","SPARK","Overlap","COCH"
"GeoSVG-3D","SPARK","Overlap","COL20A1"
"GeoSVG-3D","SPARK","Overlap","COL24A1"
"GeoSVG-3D","SPARK","Overlap","COL5A1"
"GeoSVG-3D","SPARK","Overlap","CPA6"
"GeoSVG-3D","SPARK","Overlap","CPB1"
"GeoSVG-3D","SPARK","Overlap","CPLX3"
"GeoSVG-3D","SPARK","Overlap","CPNE5"
"GeoSVG-3D","SPARK","Overlap","CRH"
"GeoSVG-3D","SPARK","Overlap","CSRP2"
"GeoSVG-3D","SPARK","Overlap","CUX2"
"GeoSVG-3D","SPARK","Overlap","DAPL1"
"GeoSVG-3D","SPARK","Overlap","DCN"
"GeoSVG-3D","SPARK","Overlap","DDIT4L"
"GeoSVG-3D","SPARK","Overlap","DGKK"
"GeoSVG-3D","SPARK","Overlap","DKK3"
"GeoSVG-3D","SPARK","Overlap","DLK1"
"GeoSVG-3D","SPARK","Overlap","DLX1"
"GeoSVG-3D","SPARK","Overlap","EBF3"
"GeoSVG-3D","SPARK","Overlap","ECEL1"
"GeoSVG-3D","SPARK","Overlap","ELFN1"
"GeoSVG-3D","SPARK","Overlap","EMID1"
"GeoSVG-3D","SPARK","Overlap","EMX2"
"GeoSVG-3D","SPARK","Overlap","EN1"
"GeoSVG-3D","SPARK","Overlap","EPHA7"
"GeoSVG-3D","SPARK","Overlap","ETV1"
"GeoSVG-3D","SPARK","Overlap","FAM169B"
"GeoSVG-3D","SPARK","Overlap","FAM183B"
"GeoSVG-3D","SPARK","Overlap","FAM92B"
"GeoSVG-3D","SPARK","Overlap","FAT2"
"GeoSVG-3D","SPARK","Overlap","FBP2"
"GeoSVG-3D","SPARK","Overlap","FEZF1"
"GeoSVG-3D","SPARK","Overlap","FEZF2"
"GeoSVG-3D","SPARK","Overlap","FOXP2"
"GeoSVG-3D","SPARK","Overlap","GABRA5"
"GeoSVG-3D","SPARK","Overlap","GABRQ"
"GeoSVG-3D","SPARK","Overlap","GCHFR"
"GeoSVG-3D","SPARK","Overlap","GFRA1"
"GeoSVG-3D","SPARK","Overlap","GLRA1"
"GeoSVG-3D","SPARK","Overlap","GLRA3"
"GeoSVG-3D","SPARK","Overlap","GPSM3"
"GeoSVG-3D","SPARK","Overlap","GPX2"
"GeoSVG-3D","SPARK","Overlap","GPX3"
"GeoSVG-3D","SPARK","Overlap","GRIK1"
"GeoSVG-3D","SPARK","Overlap","GRM3"
"GeoSVG-3D","SPARK","Overlap","HAP1"
"GeoSVG-3D","SPARK","Overlap","HAPLN1"
"GeoSVG-3D","SPARK","Overlap","HDC"
"GeoSVG-3D","SPARK","Overlap","HOXA5"
"GeoSVG-3D","SPARK","Overlap","HOXB7"
"GeoSVG-3D","SPARK","Overlap","HPCAL1"
"GeoSVG-3D","SPARK","Overlap","HS3ST2"
"GeoSVG-3D","SPARK","Overlap","HS3ST4"
"GeoSVG-3D","SPARK","Overlap","HTR2B"
"GeoSVG-3D","SPARK","Overlap","HTR2C"
"GeoSVG-3D","SPARK","Overlap","IGFBP2"
"GeoSVG-3D","SPARK","Overlap","IGFBP4"
"GeoSVG-3D","SPARK","Overlap","IGFBP6"
"GeoSVG-3D","SPARK","Overlap","IGSF8"
"GeoSVG-3D","SPARK","Overlap","IL1R1"
"GeoSVG-3D","SPARK","Overlap","INHBA"
"GeoSVG-3D","SPARK","Overlap","ITIH3"
"GeoSVG-3D","SPARK","Overlap","KCNAB3"
"GeoSVG-3D","SPARK","Overlap","KCNC3"
"GeoSVG-3D","SPARK","Overlap","KCNG1"
"GeoSVG-3D","SPARK","Overlap","KCNMB2"
"GeoSVG-3D","SPARK","Overlap","KCNS1"
"GeoSVG-3D","SPARK","Overlap","KISS1R"
"GeoSVG-3D","SPARK","Overlap","KIT"
"GeoSVG-3D","SPARK","Overlap","KITL"
"GeoSVG-3D","SPARK","Overlap","KLHL1"
"GeoSVG-3D","SPARK","Overlap","KRT12"
"GeoSVG-3D","SPARK","Overlap","KRT15"
"GeoSVG-3D","SPARK","Overlap","KRT27"
"GeoSVG-3D","SPARK","Overlap","LAMP5"
"GeoSVG-3D","SPARK","Overlap","LANCL3"
"GeoSVG-3D","SPARK","Overlap","LCN2"
"GeoSVG-3D","SPARK","Overlap","LHX8"
"GeoSVG-3D","SPARK","Overlap","LMO1"
"GeoSVG-3D","SPARK","Overlap","LPAR3"
"GeoSVG-3D","SPARK","Overlap","LPL"
"GeoSVG-3D","SPARK","Overlap","LSAMP"
"GeoSVG-3D","SPARK","Overlap","LTK"
"GeoSVG-3D","SPARK","Overlap","LY6G6E"
"GeoSVG-3D","SPARK","Overlap","LYPD6B"
"GeoSVG-3D","SPARK","Overlap","MAOB"
"GeoSVG-3D","SPARK","Overlap","MAP3K7CL"
"GeoSVG-3D","SPARK","Overlap","MDGA1"
"GeoSVG-3D","SPARK","Overlap","MEOX1"
"GeoSVG-3D","SPARK","Overlap","MFAP4"
"GeoSVG-3D","SPARK","Overlap","MFGE8"
"GeoSVG-3D","SPARK","Overlap","MFSD2A"
"GeoSVG-3D","SPARK","Overlap","MGP"
"GeoSVG-3D","SPARK","Overlap","MKI67"
"GeoSVG-3D","SPARK","Overlap","MMP2"
"GeoSVG-3D","SPARK","Overlap","MRAP2"
"GeoSVG-3D","SPARK","Overlap","MRC1"
"GeoSVG-3D","SPARK","Overlap","MUSTN1"
"GeoSVG-3D","SPARK","Overlap","MYOC"
"GeoSVG-3D","SPARK","Overlap","NDST4"
"GeoSVG-3D","SPARK","Overlap","NELL1"
"GeoSVG-3D","SPARK","Overlap","NEUROD6"
"GeoSVG-3D","SPARK","Overlap","NMS"
"GeoSVG-3D","SPARK","Overlap","NOTUM"
"GeoSVG-3D","SPARK","Overlap","NOV"
"GeoSVG-3D","SPARK","Overlap","NPBWR1"
"GeoSVG-3D","SPARK","Overlap","NPFF"
"GeoSVG-3D","SPARK","Overlap","NPTX1"
"GeoSVG-3D","SPARK","Overlap","NPY"
"GeoSVG-3D","SPARK","Overlap","NPY1R"
"GeoSVG-3D","SPARK","Overlap","NPY4R"
"GeoSVG-3D","SPARK","Overlap","NR4A3"
"GeoSVG-3D","SPARK","Overlap","NRGN"
"GeoSVG-3D","SPARK","Overlap","NTSR1"
"GeoSVG-3D","SPARK","Overlap","NTSR2"
"GeoSVG-3D","SPARK","Overlap","NXPH1"
"GeoSVG-3D","SPARK","Overlap","NXPH4"
"GeoSVG-3D","SPARK","Overlap","NYAP2"
"GeoSVG-3D","SPARK","Overlap","OPRD1"
"GeoSVG-3D","SPARK","Overlap","OSCP1"
"GeoSVG-3D","SPARK","Overlap","PARP14"
"GeoSVG-3D","SPARK","Overlap","PDE1A"
"GeoSVG-3D","SPARK","Overlap","PDGFRA"
"GeoSVG-3D","SPARK","Overlap","PDZK1IP1"
"GeoSVG-3D","SPARK","Overlap","PF4"
"GeoSVG-3D","SPARK","Overlap","PGR15L"
"GeoSVG-3D","SPARK","Overlap","PIK3R3"
"GeoSVG-3D","SPARK","Overlap","PLCXD2"
"GeoSVG-3D","SPARK","Overlap","PMCH"
"GeoSVG-3D","SPARK","Overlap","PNMT"
"GeoSVG-3D","SPARK","Overlap","POMC"
"GeoSVG-3D","SPARK","Overlap","PRKCG"
"GeoSVG-3D","SPARK","Overlap","PTPRZ1"
"GeoSVG-3D","SPARK","Overlap","PVALB"
"GeoSVG-3D","SPARK","Overlap","PYY"
"GeoSVG-3D","SPARK","Overlap","RARRES1"
"GeoSVG-3D","SPARK","Overlap","RASL10A"
"GeoSVG-3D","SPARK","Overlap","RASL11A"
"GeoSVG-3D","SPARK","Overlap","RBP4"
"GeoSVG-3D","SPARK","Overlap","RELN"
"GeoSVG-3D","SPARK","Overlap","RGS4"
"GeoSVG-3D","SPARK","Overlap","RGS9"
"GeoSVG-3D","SPARK","Overlap","RLN3"
"GeoSVG-3D","SPARK","Overlap","RORB"
"GeoSVG-3D","SPARK","Overlap","RPS24"
"GeoSVG-3D","SPARK","Overlap","RSPO3"
"GeoSVG-3D","SPARK","Overlap","RXFP1"
"GeoSVG-3D","SPARK","Overlap","RXRG"
"GeoSVG-3D","SPARK","Overlap","SAPCD2"
"GeoSVG-3D","SPARK","Overlap","SATB1"
"GeoSVG-3D","SPARK","Overlap","SATB2"
"GeoSVG-3D","SPARK","Overlap","SCN4B"
"GeoSVG-3D","SPARK","Overlap","SEMA3A"
"GeoSVG-3D","SPARK","Overlap","SEMA4D"
"GeoSVG-3D","SPARK","Overlap","SEMA5A"
"GeoSVG-3D","SPARK","Overlap","SEZ6"
"GeoSVG-3D","SPARK","Overlap","SLA"
"GeoSVG-3D","SPARK","Overlap","SLA2"
"GeoSVG-3D","SPARK","Overlap","SLC17A6"
"GeoSVG-3D","SPARK","Overlap","SLC17A7"
"GeoSVG-3D","SPARK","Overlap","SLC17A8"
"GeoSVG-3D","SPARK","Overlap","SLC18A3"
"GeoSVG-3D","SPARK","Overlap","SLC30A3"
"GeoSVG-3D","SPARK","Overlap","SLC6A11"
"GeoSVG-3D","SPARK","Overlap","SLC6A2"
"GeoSVG-3D","SPARK","Overlap","SLC6A3"
"GeoSVG-3D","SPARK","Overlap","SMIM17"
"GeoSVG-3D","SPARK","Overlap","SMOC1"
"GeoSVG-3D","SPARK","Overlap","SNCG"
"GeoSVG-3D","SPARK","Overlap","SOX11"
"GeoSVG-3D","SPARK","Overlap","SOX14"
"GeoSVG-3D","SPARK","Overlap","SPARC"
"GeoSVG-3D","SPARK","Overlap","SPHKAP"
"GeoSVG-3D","SPARK","Overlap","SST"
"GeoSVG-3D","SPARK","Overlap","ST18"
"GeoSVG-3D","SPARK","Overlap","STAC2"
"GeoSVG-3D","SPARK","Overlap","STARD8"
"GeoSVG-3D","SPARK","Overlap","STK32B"
"GeoSVG-3D","SPARK","Overlap","SULF1"
"GeoSVG-3D","SPARK","Overlap","SULF2"
"GeoSVG-3D","SPARK","Overlap","SUMO2"
"GeoSVG-3D","SPARK","Overlap","TACR1"
"GeoSVG-3D","SPARK","Overlap","TBR1"
"GeoSVG-3D","SPARK","Overlap","TCAP"
"GeoSVG-3D","SPARK","Overlap","TCF4"
"GeoSVG-3D","SPARK","Overlap","TEKT5"
"GeoSVG-3D","SPARK","Overlap","TFAP2D"
"GeoSVG-3D","SPARK","Overlap","TMEM132C"
"GeoSVG-3D","SPARK","Overlap","TMEM163"
"GeoSVG-3D","SPARK","Overlap","TMEM233"
"GeoSVG-3D","SPARK","Overlap","TMEM255B"
"GeoSVG-3D","SPARK","Overlap","TMEM72"
"GeoSVG-3D","SPARK","Overlap","TUBGCP2"
"GeoSVG-3D","SPARK","Overlap","UCN"
"GeoSVG-3D","SPARK","Overlap","UGT8A"
"GeoSVG-3D","SPARK","Overlap","VGLL3"
"GeoSVG-3D","SPARK","Overlap","VIP"
"GeoSVG-3D","SPARK","Overlap","VWC2L"
"GeoSVG-3D","SPARK","Overlap","VWF"
"GeoSVG-3D","SPARK","Overlap","WIF1"
"GeoSVG-3D","SPARK","Overlap","ZBTB20"
"GeoSVG-3D","SPARK","Overlap","ZFHX4"
"GeoSVG-3D","SPARK","GeoSVG-3D only","ADCY1"
"GeoSVG-3D","SPARK","GeoSVG-3D only","AGRP"
"GeoSVG-3D","SPARK","GeoSVG-3D only","ARG1"
"GeoSVG-3D","SPARK","GeoSVG-3D only","ARSJ"
"GeoSVG-3D","SPARK","GeoSVG-3D only","BAIAP2L1"
"GeoSVG-3D","SPARK","GeoSVG-3D only","BDKRB2"
"GeoSVG-3D","SPARK","GeoSVG-3D only","C1QTNF7"
"GeoSVG-3D","SPARK","GeoSVG-3D only","CBS"
"GeoSVG-3D","SPARK","GeoSVG-3D only","CD93"
"GeoSVG-3D","SPARK","GeoSVG-3D only","CFAP58"
"GeoSVG-3D","SPARK","GeoSVG-3D only","CFH"
"GeoSVG-3D","SPARK","GeoSVG-3D only","CLDN19"
"GeoSVG-3D","SPARK","GeoSVG-3D only","CLIC6"
"GeoSVG-3D","SPARK","GeoSVG-3D only","CNR2"
"GeoSVG-3D","SPARK","GeoSVG-3D only","COL12A1"
"GeoSVG-3D","SPARK","GeoSVG-3D only","COL19A1"
"GeoSVG-3D","SPARK","GeoSVG-3D only","COL3A1"
"GeoSVG-3D","SPARK","GeoSVG-3D only","CORO6"
"GeoSVG-3D","SPARK","GeoSVG-3D only","CORT"
"GeoSVG-3D","SPARK","GeoSVG-3D only","CRCT1"
"GeoSVG-3D","SPARK","GeoSVG-3D only","CRIM1"
"GeoSVG-3D","SPARK","GeoSVG-3D only","DKK1"
"GeoSVG-3D","SPARK","GeoSVG-3D only","DLX2"
"GeoSVG-3D","SPARK","GeoSVG-3D only","FERMT1"
"GeoSVG-3D","SPARK","GeoSVG-3D only","GHRHR"
"GeoSVG-3D","SPARK","GeoSVG-3D only","HCRTR2"
"GeoSVG-3D","SPARK","GeoSVG-3D only","HOXA9"
"GeoSVG-3D","SPARK","GeoSVG-3D only","HOXB5"
"GeoSVG-3D","SPARK","GeoSVG-3D only","INMT"
"GeoSVG-3D","SPARK","GeoSVG-3D only","INSRR"
"GeoSVG-3D","SPARK","GeoSVG-3D only","IRX4"
"GeoSVG-3D","SPARK","GeoSVG-3D only","IYD"
"GeoSVG-3D","SPARK","GeoSVG-3D only","JUNB"
"GeoSVG-3D","SPARK","GeoSVG-3D only","KCNH8"
"GeoSVG-3D","SPARK","GeoSVG-3D only","KCNMB1"
"GeoSVG-3D","SPARK","GeoSVG-3D only","LEFTY1"
"GeoSVG-3D","SPARK","GeoSVG-3D only","LRG1"
"GeoSVG-3D","SPARK","GeoSVG-3D only","LY6A"
"GeoSVG-3D","SPARK","GeoSVG-3D only","MLC1"
"GeoSVG-3D","SPARK","GeoSVG-3D only","MPZ"
"GeoSVG-3D","SPARK","GeoSVG-3D only","MRGPRD"
"GeoSVG-3D","SPARK","GeoSVG-3D only","MS4A15"
"GeoSVG-3D","SPARK","GeoSVG-3D only","MTNR1A"
"GeoSVG-3D","SPARK","GeoSVG-3D only","NEUROD2"
"GeoSVG-3D","SPARK","GeoSVG-3D only","OXT"
"GeoSVG-3D","SPARK","GeoSVG-3D only","PAK4"
"GeoSVG-3D","SPARK","GeoSVG-3D only","PAX8"
"GeoSVG-3D","SPARK","GeoSVG-3D only","PBX3"
"GeoSVG-3D","SPARK","GeoSVG-3D only","PDLIM1"
"GeoSVG-3D","SPARK","GeoSVG-3D only","POU4F2"
"GeoSVG-3D","SPARK","GeoSVG-3D only","PPP1R3G"
"GeoSVG-3D","SPARK","GeoSVG-3D only","PRC1"
"GeoSVG-3D","SPARK","GeoSVG-3D only","PROCR"
"GeoSVG-3D","SPARK","GeoSVG-3D only","PROK2"
"GeoSVG-3D","SPARK","GeoSVG-3D only","PRX"
"GeoSVG-3D","SPARK","GeoSVG-3D only","RGS14"
"GeoSVG-3D","SPARK","GeoSVG-3D only","SCTR"
"GeoSVG-3D","SPARK","GeoSVG-3D only","SLC47A1"
"GeoSVG-3D","SPARK","GeoSVG-3D only","SLC6A13"
"GeoSVG-3D","SPARK","GeoSVG-3D only","SLN"
"GeoSVG-3D","SPARK","GeoSVG-3D only","SPINK8"
"GeoSVG-3D","SPARK","GeoSVG-3D only","TAX1BP3"
"GeoSVG-3D","SPARK","GeoSVG-3D only","TCERG1L"
"GeoSVG-3D","SPARK","GeoSVG-3D only","TEDDM3"
"GeoSVG-3D","SPARK","GeoSVG-3D only","TIMP4"
"GeoSVG-3D","SPARK","GeoSVG-3D only","TLX3"
"GeoSVG-3D","SPARK","GeoSVG-3D only","TMEM119"
"GeoSVG-3D","SPARK","GeoSVG-3D only","TNF"
"GeoSVG-3D","SPARK","GeoSVG-3D only","TNNT1"
"GeoSVG-3D","SPARK","GeoSVG-3D only","TPH2"
"GeoSVG-3D","SPARK","GeoSVG-3D only","TRP73"
"GeoSVG-3D","SPARK","GeoSVG-3D only","TRPV1"
"GeoSVG-3D","SPARK","GeoSVG-3D only","TYRP1"
"GeoSVG-3D","SPARK","GeoSVG-3D only","UBE2C"
"GeoSVG-3D","SPARK","GeoSVG-3D only","VCAN"
"GeoSVG-3D","SPARK","GeoSVG-3D only","WNT2"
"GeoSVG-3D","SPARK","SPARK only","ACBD7"
"GeoSVG-3D","SPARK","SPARK only","ACTA2"
"GeoSVG-3D","SPARK","SPARK only","ADA"
"GeoSVG-3D","SPARK","SPARK only","ADARB2"
"GeoSVG-3D","SPARK","SPARK only","ADCYAP1"
"GeoSVG-3D","SPARK","SPARK only","ADGRG2"
"GeoSVG-3D","SPARK","SPARK only","ADM"
"GeoSVG-3D","SPARK","SPARK only","ADORA2A"
"GeoSVG-3D","SPARK","SPARK only","AGTR2"
"GeoSVG-3D","SPARK","SPARK only","AJAP1"
"GeoSVG-3D","SPARK","SPARK only","ANGPT2"
"GeoSVG-3D","SPARK","SPARK only","ANLN"
"GeoSVG-3D","SPARK","SPARK only","APLN"
"GeoSVG-3D","SPARK","SPARK only","APOD"
"GeoSVG-3D","SPARK","SPARK only","APOLD1"
"GeoSVG-3D","SPARK","SPARK only","AQP1"
"GeoSVG-3D","SPARK","SPARK only","AQP4"
"GeoSVG-3D","SPARK","SPARK only","ARHGAP6"
"GeoSVG-3D","SPARK","SPARK only","ASB4"
"GeoSVG-3D","SPARK","SPARK only","ASIC4"
"GeoSVG-3D","SPARK","SPARK only","ATF3"
"GeoSVG-3D","SPARK","SPARK only","ATP2B4"
"GeoSVG-3D","SPARK","SPARK only","BAIAP3"
"GeoSVG-3D","SPARK","SPARK only","BARHL1"
"GeoSVG-3D","SPARK","SPARK only","BCL11B"
"GeoSVG-3D","SPARK","SPARK only","BCL6"
"GeoSVG-3D","SPARK","SPARK only","BDNF"
"GeoSVG-3D","SPARK","SPARK only","BIRC5"
"GeoSVG-3D","SPARK","SPARK only","BMP4"
"GeoSVG-3D","SPARK","SPARK only","BRCA1"
"GeoSVG-3D","SPARK","SPARK only","C1QL1"
"GeoSVG-3D","SPARK","SPARK only","C1QL3"
"GeoSVG-3D","SPARK","SPARK only","C4B"
"GeoSVG-3D","SPARK","SPARK only","CABP7"
"GeoSVG-3D","SPARK","SPARK only","CACNA2D1"
"GeoSVG-3D","SPARK","SPARK only","CADM1"
"GeoSVG-3D","SPARK","SPARK only","CADM2"
"GeoSVG-3D","SPARK","SPARK only","CALB1"
"GeoSVG-3D","SPARK","SPARK only","CALCA"
"GeoSVG-3D","SPARK","SPARK only","CALCRL"
"GeoSVG-3D","SPARK","SPARK only","CAR10"
"GeoSVG-3D","SPARK","SPARK only","CAR2"
"GeoSVG-3D","SPARK","SPARK only","CAR3"
"GeoSVG-3D","SPARK","SPARK only","CARD10"
"GeoSVG-3D","SPARK","SPARK only","CARTPT"
"GeoSVG-3D","SPARK","SPARK only","CASP4"
"GeoSVG-3D","SPARK","SPARK only","CASP8"
"GeoSVG-3D","SPARK","SPARK only","CASR"
"GeoSVG-3D","SPARK","SPARK only","CBLN1"
"GeoSVG-3D","SPARK","SPARK only","CBLN3"
"GeoSVG-3D","SPARK","SPARK only","CBR2"
"GeoSVG-3D","SPARK","SPARK only","CCKAR"
"GeoSVG-3D","SPARK","SPARK only","CCL24"
"GeoSVG-3D","SPARK","SPARK only","CCL3"
"GeoSVG-3D","SPARK","SPARK only","CCL4"
"GeoSVG-3D","SPARK","SPARK only","CCNE1"
"GeoSVG-3D","SPARK","SPARK only","CCP110"
"GeoSVG-3D","SPARK","SPARK only","CCRL2"
"GeoSVG-3D","SPARK","SPARK only","CDKN1C"
"GeoSVG-3D","SPARK","SPARK only","CEMIP"
"GeoSVG-3D","SPARK","SPARK only","CENPF"
"GeoSVG-3D","SPARK","SPARK only","CFAP126"
"GeoSVG-3D","SPARK","SPARK only","CHAT"
"GeoSVG-3D","SPARK","SPARK only","CHODL"
"GeoSVG-3D","SPARK","SPARK only","CHRM2"
"GeoSVG-3D","SPARK","SPARK only","CHRM3"
"GeoSVG-3D","SPARK","SPARK only","CHRNA2"
"GeoSVG-3D","SPARK","SPARK only","CHRNA3"
"GeoSVG-3D","SPARK","SPARK only","CKS2"
"GeoSVG-3D","SPARK","SPARK only","CLDN11"
"GeoSVG-3D","SPARK","SPARK only","CLEC2L"
"GeoSVG-3D","SPARK","SPARK only","CLIC5"
"GeoSVG-3D","SPARK","SPARK only","CNKSR3"
"GeoSVG-3D","SPARK","SPARK only","CNPY1"
"GeoSVG-3D","SPARK","SPARK only","CNTNAP3"
"GeoSVG-3D","SPARK","SPARK only","COL15A1"
"GeoSVG-3D","SPARK","SPARK only","COL18A1"
"GeoSVG-3D","SPARK","SPARK only","COL25A1"
"GeoSVG-3D","SPARK","SPARK only","COL6A1"
"GeoSVG-3D","SPARK","SPARK only","COL9A2"
"GeoSVG-3D","SPARK","SPARK only","COX4I2"
"GeoSVG-3D","SPARK","SPARK only","COX6A2"
"GeoSVG-3D","SPARK","SPARK only","CPNE4"
"GeoSVG-3D","SPARK","SPARK only","CPNE6"
"GeoSVG-3D","SPARK","SPARK only","CPXM2"
"GeoSVG-3D","SPARK","SPARK only","CREB3L1"
"GeoSVG-3D","SPARK","SPARK only","CRHBP"
"GeoSVG-3D","SPARK","SPARK only","CRISP1"
"GeoSVG-3D","SPARK","SPARK only","CRYM"
"GeoSVG-3D","SPARK","SPARK only","CSPG5"
"GeoSVG-3D","SPARK","SPARK only","CST3"
"GeoSVG-3D","SPARK","SPARK only","CTPS"
"GeoSVG-3D","SPARK","SPARK only","CTSS"
"GeoSVG-3D","SPARK","SPARK only","CYP26B1"
"GeoSVG-3D","SPARK","SPARK only","CYP2S1"
"GeoSVG-3D","SPARK","SPARK only","CYTH3"
"GeoSVG-3D","SPARK","SPARK only","DBPHT2"
"GeoSVG-3D","SPARK","SPARK only","DCLK3"
"GeoSVG-3D","SPARK","SPARK only","DEGS2"
"GeoSVG-3D","SPARK","SPARK only","DEPTOR"
"GeoSVG-3D","SPARK","SPARK only","DLX5"
"GeoSVG-3D","SPARK","SPARK only","DPY19L1"
"GeoSVG-3D","SPARK","SPARK only","DRD1"
"GeoSVG-3D","SPARK","SPARK only","DRD3"
"GeoSVG-3D","SPARK","SPARK only","DRD4"
"GeoSVG-3D","SPARK","SPARK only","DRD5"
"GeoSVG-3D","SPARK","SPARK only","EBF1"
"GeoSVG-3D","SPARK","SPARK only","EBF2"
"GeoSVG-3D","SPARK","SPARK only","ECSCR"
"GeoSVG-3D","SPARK","SPARK only","EFHD1"
"GeoSVG-3D","SPARK","SPARK only","EFHD2"
"GeoSVG-3D","SPARK","SPARK only","EFNA5"
"GeoSVG-3D","SPARK","SPARK only","EGLN3"
"GeoSVG-3D","SPARK","SPARK only","ENPP6"
"GeoSVG-3D","SPARK","SPARK only","EOMES"
"GeoSVG-3D","SPARK","SPARK only","EPYC"
"GeoSVG-3D","SPARK","SPARK only","ESRRG"
"GeoSVG-3D","SPARK","SPARK only","FABP7"
"GeoSVG-3D","SPARK","SPARK only","FAM107A"
"GeoSVG-3D","SPARK","SPARK only","FAM214A"
"GeoSVG-3D","SPARK","SPARK only","FAM216B"
"GeoSVG-3D","SPARK","SPARK only","FBLN2"
"GeoSVG-3D","SPARK","SPARK only","FBLN5"
"GeoSVG-3D","SPARK","SPARK only","FGF10"
"GeoSVG-3D","SPARK","SPARK only","FGFR3"
"GeoSVG-3D","SPARK","SPARK only","FIBCD1"
"GeoSVG-3D","SPARK","SPARK only","FIGN"
"GeoSVG-3D","SPARK","SPARK only","FJX1"
"GeoSVG-3D","SPARK","SPARK only","FOLR1"
"GeoSVG-3D","SPARK","SPARK only","FOS"
"GeoSVG-3D","SPARK","SPARK only","FSHR"
"GeoSVG-3D","SPARK","SPARK only","GABBR1"
"GeoSVG-3D","SPARK","SPARK only","GABBR2"
"GeoSVG-3D","SPARK","SPARK only","GABRA6"
"GeoSVG-3D","SPARK","SPARK only","GABRR2"
"GeoSVG-3D","SPARK","SPARK only","GAD1"
"GeoSVG-3D","SPARK","SPARK only","GAD2"
"GeoSVG-3D","SPARK","SPARK only","GAL"
"GeoSVG-3D","SPARK","SPARK only","GALNTL6"
"GeoSVG-3D","SPARK","SPARK only","GALR1"
"GeoSVG-3D","SPARK","SPARK only","GALR2"
"GeoSVG-3D","SPARK","SPARK only","GAST"
"GeoSVG-3D","SPARK","SPARK only","GATA3"
"GeoSVG-3D","SPARK","SPARK only","GBX1"
"GeoSVG-3D","SPARK","SPARK only","GBX2"
"GeoSVG-3D","SPARK","SPARK only","GCH1"
"GeoSVG-3D","SPARK","SPARK only","GFAP"
"GeoSVG-3D","SPARK","SPARK only","GFRA2"
"GeoSVG-3D","SPARK","SPARK only","GHRH"
"GeoSVG-3D","SPARK","SPARK only","GHSR"
"GeoSVG-3D","SPARK","SPARK only","GIPR"
"GeoSVG-3D","SPARK","SPARK only","GJA1"
"GeoSVG-3D","SPARK","SPARK only","GJB2"
"GeoSVG-3D","SPARK","SPARK only","GLDC"
"GeoSVG-3D","SPARK","SPARK only","GM5741"
"GeoSVG-3D","SPARK","SPARK only","GNA14"
"GeoSVG-3D","SPARK","SPARK only","GNG4"
"GeoSVG-3D","SPARK","SPARK only","GNG8"
"GeoSVG-3D","SPARK","SPARK only","GPR101"
"GeoSVG-3D","SPARK","SPARK only","GPR119"
"GeoSVG-3D","SPARK","SPARK only","GPR139"
"GeoSVG-3D","SPARK","SPARK only","GPR34"
"GeoSVG-3D","SPARK","SPARK only","GPR50"
"GeoSVG-3D","SPARK","SPARK only","GPR88"
"GeoSVG-3D","SPARK","SPARK only","GPRASP2"
"GeoSVG-3D","SPARK","SPARK only","GPSM1"
"GeoSVG-3D","SPARK","SPARK only","GRIK3"
"GeoSVG-3D","SPARK","SPARK only","GRIN2C"
"GeoSVG-3D","SPARK","SPARK only","GRM1"
"GeoSVG-3D","SPARK","SPARK only","GRM2"
"GeoSVG-3D","SPARK","SPARK only","GRM4"
"GeoSVG-3D","SPARK","SPARK only","GRM5"
"GeoSVG-3D","SPARK","SPARK only","GRM7"
"GeoSVG-3D","SPARK","SPARK only","GRM8"
"GeoSVG-3D","SPARK","SPARK only","GRP"
"GeoSVG-3D","SPARK","SPARK only","H2-AB1"
"GeoSVG-3D","SPARK","SPARK only","HCRT"
"GeoSVG-3D","SPARK","SPARK only","HCRTR1"
"GeoSVG-3D","SPARK","SPARK only","HHIP"
"GeoSVG-3D","SPARK","SPARK only","HOPX"
"GeoSVG-3D","SPARK","SPARK only","HOXA7"
"GeoSVG-3D","SPARK","SPARK only","HOXB9"
"GeoSVG-3D","SPARK","SPARK only","HOXC4"
"GeoSVG-3D","SPARK","SPARK only","HOXC5"
"GeoSVG-3D","SPARK","SPARK only","HPCAL4"
"GeoSVG-3D","SPARK","SPARK only","HRH1"
"GeoSVG-3D","SPARK","SPARK only","HRH3"
"GeoSVG-3D","SPARK","SPARK only","HS6ST2"
"GeoSVG-3D","SPARK","SPARK only","HSPA1A"
"GeoSVG-3D","SPARK","SPARK only","HSPB7"
"GeoSVG-3D","SPARK","SPARK only","HTR1A"
"GeoSVG-3D","SPARK","SPARK only","HTR1B"
"GeoSVG-3D","SPARK","SPARK only","HTR1D"
"GeoSVG-3D","SPARK","SPARK only","HTR1F"
"GeoSVG-3D","SPARK","SPARK only","HTR2A"
"GeoSVG-3D","SPARK","SPARK only","HTR5B"
"GeoSVG-3D","SPARK","SPARK only","HTRA1"
"GeoSVG-3D","SPARK","SPARK only","ID2"
"GeoSVG-3D","SPARK","SPARK only","ID4"
"GeoSVG-3D","SPARK","SPARK only","IFITM1"
"GeoSVG-3D","SPARK","SPARK only","IGF2"
"GeoSVG-3D","SPARK","SPARK only","IGFBPL1"
"GeoSVG-3D","SPARK","SPARK only","IGSF1"
"GeoSVG-3D","SPARK","SPARK only","IL1RAPL2"
"GeoSVG-3D","SPARK","SPARK only","IL23A"
"GeoSVG-3D","SPARK","SPARK only","IL33"
"GeoSVG-3D","SPARK","SPARK only","IRS4"
"GeoSVG-3D","SPARK","SPARK only","IRX2"
"GeoSVG-3D","SPARK","SPARK only","IRX6"
"GeoSVG-3D","SPARK","SPARK only","ISL1"
"GeoSVG-3D","SPARK","SPARK only","ISL2"
"GeoSVG-3D","SPARK","SPARK only","KCNAB1"
"GeoSVG-3D","SPARK","SPARK only","KCNC2"
"GeoSVG-3D","SPARK","SPARK only","KCND3"
"GeoSVG-3D","SPARK","SPARK only","KCNJ8"
"GeoSVG-3D","SPARK","SPARK only","KCTD12"
"GeoSVG-3D","SPARK","SPARK only","KL"
"GeoSVG-3D","SPARK","SPARK only","KLHL14"
"GeoSVG-3D","SPARK","SPARK only","KLK6"
"GeoSVG-3D","SPARK","SPARK only","KRT17"
"GeoSVG-3D","SPARK","SPARK only","KRT19"
"GeoSVG-3D","SPARK","SPARK only","KRT73"
"GeoSVG-3D","SPARK","SPARK only","LBP"
"GeoSVG-3D","SPARK","SPARK only","LBX1"
"GeoSVG-3D","SPARK","SPARK only","LEF1"
"GeoSVG-3D","SPARK","SPARK only","LGI2"
"GeoSVG-3D","SPARK","SPARK only","LHX1"
"GeoSVG-3D","SPARK","SPARK only","LHX2"
"GeoSVG-3D","SPARK","SPARK only","LHX6"
"GeoSVG-3D","SPARK","SPARK only","LHX9"
"GeoSVG-3D","SPARK","SPARK only","LIMS2"
"GeoSVG-3D","SPARK","SPARK only","LINGO4"
"GeoSVG-3D","SPARK","SPARK only","LMCD1"
"GeoSVG-3D","SPARK","SPARK only","LMO3"
"GeoSVG-3D","SPARK","SPARK only","LMX1A"
"GeoSVG-3D","SPARK","SPARK only","LRRC55"
"GeoSVG-3D","SPARK","SPARK only","LRRTM2"
"GeoSVG-3D","SPARK","SPARK only","LY6C1"
"GeoSVG-3D","SPARK","SPARK only","LYPD1"
"GeoSVG-3D","SPARK","SPARK only","LYPD6"
"GeoSVG-3D","SPARK","SPARK only","MAB21L2"
"GeoSVG-3D","SPARK","SPARK only","MAN1A"
"GeoSVG-3D","SPARK","SPARK only","MATN2"
"GeoSVG-3D","SPARK","SPARK only","MBP"
"GeoSVG-3D","SPARK","SPARK only","MC1R"
"GeoSVG-3D","SPARK","SPARK only","MEGF11"
"GeoSVG-3D","SPARK","SPARK only","MEIS2"
"GeoSVG-3D","SPARK","SPARK only","MGST1"
"GeoSVG-3D","SPARK","SPARK only","MIA"
"GeoSVG-3D","SPARK","SPARK only","MNS1"
"GeoSVG-3D","SPARK","SPARK only","MOG"
"GeoSVG-3D","SPARK","SPARK only","MOXD1"
"GeoSVG-3D","SPARK","SPARK only","MREG"
"GeoSVG-3D","SPARK","SPARK only","MYH8"
"GeoSVG-3D","SPARK","SPARK only","MYL4"
"GeoSVG-3D","SPARK","SPARK only","NCMAP"
"GeoSVG-3D","SPARK","SPARK only","NDNF"
"GeoSVG-3D","SPARK","SPARK only","NDRG2"
"GeoSVG-3D","SPARK","SPARK only","NECAB1"
"GeoSVG-3D","SPARK","SPARK only","NEFH"
"GeoSVG-3D","SPARK","SPARK only","NEFM"
"GeoSVG-3D","SPARK","SPARK only","NEUROD1"
"GeoSVG-3D","SPARK","SPARK only","NFATC2"
"GeoSVG-3D","SPARK","SPARK only","NFIB"
"GeoSVG-3D","SPARK","SPARK only","NGB"
"GeoSVG-3D","SPARK","SPARK only","NGFR"
"GeoSVG-3D","SPARK","SPARK only","NHLH2"
"GeoSVG-3D","SPARK","SPARK only","NINJ2"
"GeoSVG-3D","SPARK","SPARK only","NKX2-1"
"GeoSVG-3D","SPARK","SPARK only","NKX2-9"
"GeoSVG-3D","SPARK","SPARK only","NMB"
"GeoSVG-3D","SPARK","SPARK only","NMBR"
"GeoSVG-3D","SPARK","SPARK only","NMU"
"GeoSVG-3D","SPARK","SPARK only","NMUR2"
"GeoSVG-3D","SPARK","SPARK only","NOG"
"GeoSVG-3D","SPARK","SPARK only","NOS1"
"GeoSVG-3D","SPARK","SPARK only","NPAS1"
"GeoSVG-3D","SPARK","SPARK only","NPFFR1"
"GeoSVG-3D","SPARK","SPARK only","NPFFR2"
"GeoSVG-3D","SPARK","SPARK only","NPNT"
"GeoSVG-3D","SPARK","SPARK only","NPPA"
"GeoSVG-3D","SPARK","SPARK only","NPPB"
"GeoSVG-3D","SPARK","SPARK only","NPPC"
"GeoSVG-3D","SPARK","SPARK only","NPTX2"
"GeoSVG-3D","SPARK","SPARK only","NPW"
"GeoSVG-3D","SPARK","SPARK only","NPY2R"
"GeoSVG-3D","SPARK","SPARK only","NPY5R"
"GeoSVG-3D","SPARK","SPARK only","NR2F2"
"GeoSVG-3D","SPARK","SPARK only","NR3C2"
"GeoSVG-3D","SPARK","SPARK only","NR4A2"
"GeoSVG-3D","SPARK","SPARK only","NREP"
"GeoSVG-3D","SPARK","SPARK only","NRIP3"
"GeoSVG-3D","SPARK","SPARK only","NRP2"
"GeoSVG-3D","SPARK","SPARK only","NRTN"
"GeoSVG-3D","SPARK","SPARK only","NTNG1"
"GeoSVG-3D","SPARK","SPARK only","NTS"
"GeoSVG-3D","SPARK","SPARK only","NWD2"
"GeoSVG-3D","SPARK","SPARK only","OLFM2"
"GeoSVG-3D","SPARK","SPARK only","OMP"
"GeoSVG-3D","SPARK","SPARK only","ONECUT2"
"GeoSVG-3D","SPARK","SPARK only","OPALIN"
"GeoSVG-3D","SPARK","SPARK only","OPRK1"
"GeoSVG-3D","SPARK","SPARK only","OPRL1"
"GeoSVG-3D","SPARK","SPARK only","OPRM1"
"GeoSVG-3D","SPARK","SPARK only","OTOF"
"GeoSVG-3D","SPARK","SPARK only","OTP"
"GeoSVG-3D","SPARK","SPARK only","OTX1"
"GeoSVG-3D","SPARK","SPARK only","OXTR"
"GeoSVG-3D","SPARK","SPARK only","PALM3"
"GeoSVG-3D","SPARK","SPARK only","PAPPA"
"GeoSVG-3D","SPARK","SPARK only","PAPPA2"
"GeoSVG-3D","SPARK","SPARK only","PAQR5"
"GeoSVG-3D","SPARK","SPARK only","PARM1"
"GeoSVG-3D","SPARK","SPARK only","PAX5"
"GeoSVG-3D","SPARK","SPARK only","PAX6"
"GeoSVG-3D","SPARK","SPARK only","PAX7"
"GeoSVG-3D","SPARK","SPARK only","PCDH11X"
"GeoSVG-3D","SPARK","SPARK only","PCP4"
"GeoSVG-3D","SPARK","SPARK only","PCSK5"
"GeoSVG-3D","SPARK","SPARK only","PDCD4"
"GeoSVG-3D","SPARK","SPARK only","PDE11A"
"GeoSVG-3D","SPARK","SPARK only","PDE1C"
"GeoSVG-3D","SPARK","SPARK only","PDYN"
"GeoSVG-3D","SPARK","SPARK only","PEG10"
"GeoSVG-3D","SPARK","SPARK only","PENK"
"GeoSVG-3D","SPARK","SPARK only","PGAM2"
"GeoSVG-3D","SPARK","SPARK only","PGLYRP1"
"GeoSVG-3D","SPARK","SPARK only","PGR"
"GeoSVG-3D","SPARK","SPARK only","PHLDA1"
"GeoSVG-3D","SPARK","SPARK only","PHOX2A"
"GeoSVG-3D","SPARK","SPARK only","PHOX2B"
"GeoSVG-3D","SPARK","SPARK only","PI16"
"GeoSVG-3D","SPARK","SPARK only","PIEZO2"
"GeoSVG-3D","SPARK","SPARK only","PITX2"
"GeoSVG-3D","SPARK","SPARK only","PKD1L2"
"GeoSVG-3D","SPARK","SPARK only","PKIB"
"GeoSVG-3D","SPARK","SPARK only","PLA2G5"
"GeoSVG-3D","SPARK","SPARK only","PLCH1"
"GeoSVG-3D","SPARK","SPARK only","PLIN3"
"GeoSVG-3D","SPARK","SPARK only","PLTP"
"GeoSVG-3D","SPARK","SPARK only","PNOC"
"GeoSVG-3D","SPARK","SPARK only","POSTN"
"GeoSVG-3D","SPARK","SPARK only","POU4F1"
"GeoSVG-3D","SPARK","SPARK only","POU6F2"
"GeoSVG-3D","SPARK","SPARK only","PPP1R14A"
"GeoSVG-3D","SPARK","SPARK only","PPP1R17"
"GeoSVG-3D","SPARK","SPARK only","PPP1R1B"
"GeoSVG-3D","SPARK","SPARK only","PPP2R2B"
"GeoSVG-3D","SPARK","SPARK only","PRDM12"
"GeoSVG-3D","SPARK","SPARK only","PRKCD"
"GeoSVG-3D","SPARK","SPARK only","PRKCQ"
"GeoSVG-3D","SPARK","SPARK only","PRLHR"
"GeoSVG-3D","SPARK","SPARK only","PRLR"
"GeoSVG-3D","SPARK","SPARK only","PROKR1"
"GeoSVG-3D","SPARK","SPARK only","PROX1"
"GeoSVG-3D","SPARK","SPARK only","PRPH"
"GeoSVG-3D","SPARK","SPARK only","PRR5L"
"GeoSVG-3D","SPARK","SPARK only","PRRXL1"
"GeoSVG-3D","SPARK","SPARK only","PRSS12"
"GeoSVG-3D","SPARK","SPARK only","PRSS23"
"GeoSVG-3D","SPARK","SPARK only","PRSS35"
"GeoSVG-3D","SPARK","SPARK only","PTGDS"
"GeoSVG-3D","SPARK","SPARK only","PTGFR"
"GeoSVG-3D","SPARK","SPARK only","PTHLH"
"GeoSVG-3D","SPARK","SPARK only","PTK2B"
"GeoSVG-3D","SPARK","SPARK only","PTPN3"
"GeoSVG-3D","SPARK","SPARK only","PTPRK"
"GeoSVG-3D","SPARK","SPARK only","RAB37"
"GeoSVG-3D","SPARK","SPARK only","RAB3B"
"GeoSVG-3D","SPARK","SPARK only","RAMP3"
"GeoSVG-3D","SPARK","SPARK only","RASD1"
"GeoSVG-3D","SPARK","SPARK only","RERG"
"GeoSVG-3D","SPARK","SPARK only","RESP18"
"GeoSVG-3D","SPARK","SPARK only","RET"
"GeoSVG-3D","SPARK","SPARK only","RGS12"
"GeoSVG-3D","SPARK","SPARK only","RGS16"
"GeoSVG-3D","SPARK","SPARK only","RGS8"
"GeoSVG-3D","SPARK","SPARK only","RIMS4"
"GeoSVG-3D","SPARK","SPARK only","RNF152"
"GeoSVG-3D","SPARK","SPARK only","RORA"
"GeoSVG-3D","SPARK","SPARK only","RPP25"
"GeoSVG-3D","SPARK","SPARK only","RPRM"
"GeoSVG-3D","SPARK","SPARK only","RRM2"
"GeoSVG-3D","SPARK","SPARK only","RSPO1"
"GeoSVG-3D","SPARK","SPARK only","RUNX1"
"GeoSVG-3D","SPARK","SPARK only","RXFP4"
"GeoSVG-3D","SPARK","SPARK only","SAG"
"GeoSVG-3D","SPARK","SPARK only","SALL3"
"GeoSVG-3D","SPARK","SPARK only","SCGN"
"GeoSVG-3D","SPARK","SPARK only","SCN10A"
"GeoSVG-3D","SPARK","SPARK only","SCN5A"
"GeoSVG-3D","SPARK","SPARK only","SCUBE1"
"GeoSVG-3D","SPARK","SPARK only","SEMA3C"
"GeoSVG-3D","SPARK","SPARK only","SEMA3E"
"GeoSVG-3D","SPARK","SPARK only","SEMA3G"
"GeoSVG-3D","SPARK","SPARK only","SERPINB1B"
"GeoSVG-3D","SPARK","SPARK only","SERPINF1"
"GeoSVG-3D","SPARK","SPARK only","SFRP2"
"GeoSVG-3D","SPARK","SPARK only","SHOX2"
"GeoSVG-3D","SPARK","SPARK only","SIM1"
"GeoSVG-3D","SPARK","SPARK only","SIX3"
"GeoSVG-3D","SPARK","SPARK only","SIX6"
"GeoSVG-3D","SPARK","SPARK only","SKOR1"
"GeoSVG-3D","SPARK","SPARK only","SLC13A3"
"GeoSVG-3D","SPARK","SPARK only","SLC18A2"
"GeoSVG-3D","SPARK","SPARK only","SLC1A3"
"GeoSVG-3D","SPARK","SPARK only","SLC22A4"
"GeoSVG-3D","SPARK","SPARK only","SLC24A2"
"GeoSVG-3D","SPARK","SPARK only","SLC32A1"
"GeoSVG-3D","SPARK","SPARK only","SLC34A2"
"GeoSVG-3D","SPARK","SPARK only","SLC5A7"
"GeoSVG-3D","SPARK","SPARK only","SLC6A4"
"GeoSVG-3D","SPARK","SPARK only","SLC6A5"
"GeoSVG-3D","SPARK","SPARK only","SLC7A10"
"GeoSVG-3D","SPARK","SPARK only","SLCO3A1"
"GeoSVG-3D","SPARK","SPARK only","SNTB1"
"GeoSVG-3D","SPARK","SPARK only","SOCS3"
"GeoSVG-3D","SPARK","SPARK only","SORCS1"
"GeoSVG-3D","SPARK","SPARK only","SOST"
"GeoSVG-3D","SPARK","SPARK only","SOSTDC1"
"GeoSVG-3D","SPARK","SPARK only","SOX4"
"GeoSVG-3D","SPARK","SPARK only","SP9"
"GeoSVG-3D","SPARK","SPARK only","SPDEF"
"GeoSVG-3D","SPARK","SPARK only","SPON1"
"GeoSVG-3D","SPARK","SPARK only","SPON2"
"GeoSVG-3D","SPARK","SPARK only","SSTR2"
"GeoSVG-3D","SPARK","SPARK only","ST8SIA4"
"GeoSVG-3D","SPARK","SPARK only","ST8SIA6"
"GeoSVG-3D","SPARK","SPARK only","STEAP2"
"GeoSVG-3D","SPARK","SPARK only","STMN2"
"GeoSVG-3D","SPARK","SPARK only","SV2C"
"GeoSVG-3D","SPARK","SPARK only","SYNPO2"
"GeoSVG-3D","SPARK","SPARK only","SYNPR"
"GeoSVG-3D","SPARK","SPARK only","SYT15"
"GeoSVG-3D","SPARK","SPARK only","SYT2"
"GeoSVG-3D","SPARK","SPARK only","SYT6"
"GeoSVG-3D","SPARK","SPARK only","TAC1"
"GeoSVG-3D","SPARK","SPARK only","TAC2"
"GeoSVG-3D","SPARK","SPARK only","TACR3"
"GeoSVG-3D","SPARK","SPARK only","TAGLN"
"GeoSVG-3D","SPARK","SPARK only","TBX18"
"GeoSVG-3D","SPARK","SPARK only","TBXA2R"
"GeoSVG-3D","SPARK","SPARK only","TCF7L2"
"GeoSVG-3D","SPARK","SPARK only","TEK"
"GeoSVG-3D","SPARK","SPARK only","TFAP2C"
"GeoSVG-3D","SPARK","SPARK only","TGFB2"
"GeoSVG-3D","SPARK","SPARK only","TH"
"GeoSVG-3D","SPARK","SPARK only","THBD"
"GeoSVG-3D","SPARK","SPARK only","THRSP"
"GeoSVG-3D","SPARK","SPARK only","TIAM1"
"GeoSVG-3D","SPARK","SPARK only","TIAM2"
"GeoSVG-3D","SPARK","SPARK only","TM4SF4"
"GeoSVG-3D","SPARK","SPARK only","TMC3"
"GeoSVG-3D","SPARK","SPARK only","TMEM114"
"GeoSVG-3D","SPARK","SPARK only","TMEM141"
"GeoSVG-3D","SPARK","SPARK only","TMEM215"
"GeoSVG-3D","SPARK","SPARK only","TMEM255A"
"GeoSVG-3D","SPARK","SPARK only","TMEM88B"
"GeoSVG-3D","SPARK","SPARK only","TMSB4X"
"GeoSVG-3D","SPARK","SPARK only","TNNC1"
"GeoSVG-3D","SPARK","SPARK only","TNNI3"
"GeoSVG-3D","SPARK","SPARK only","TNNT3"
"GeoSVG-3D","SPARK","SPARK only","TNR"
"GeoSVG-3D","SPARK","SPARK only","TOP2A"
"GeoSVG-3D","SPARK","SPARK only","TOX"
"GeoSVG-3D","SPARK","SPARK only","TPBG"
"GeoSVG-3D","SPARK","SPARK only","TPD52L1"
"GeoSVG-3D","SPARK","SPARK only","TRAF3IP3"
"GeoSVG-3D","SPARK","SPARK only","TRAPPC3L"
"GeoSVG-3D","SPARK","SPARK only","TRF"
"GeoSVG-3D","SPARK","SPARK only","TRH"
"GeoSVG-3D","SPARK","SPARK only","TRHR"
"GeoSVG-3D","SPARK","SPARK only","TRIM54"
"GeoSVG-3D","SPARK","SPARK only","TRIM66"
"GeoSVG-3D","SPARK","SPARK only","TSHZ2"
"GeoSVG-3D","SPARK","SPARK only","TTR"
"GeoSVG-3D","SPARK","SPARK only","TTYH1"
"GeoSVG-3D","SPARK","SPARK only","UTS2B"
"GeoSVG-3D","SPARK","SPARK only","VAMP1"
"GeoSVG-3D","SPARK","SPARK only","VEGFA"
"GeoSVG-3D","SPARK","SPARK only","VIM"
"GeoSVG-3D","SPARK","SPARK only","VIPR1"
"GeoSVG-3D","SPARK","SPARK only","VSIG8"
"GeoSVG-3D","SPARK","SPARK only","VTN"
"GeoSVG-3D","SPARK","SPARK only","WFDC12"
"GeoSVG-3D","SPARK","SPARK only","WFDC18"
"GeoSVG-3D","SPARK","SPARK only","WFDC2"
"GeoSVG-3D","SPARK","SPARK only","WFS1"
"GeoSVG-3D","SPARK","SPARK only","WHRN"
"GeoSVG-3D","SPARK","SPARK only","YJEFN3"
"GeoSVG-3D","SPARK","SPARK only","ZIC1"
"GeoSVG-3D","SPARK","SPARK only","ZMYM1"
"GeoSVG-3D","SPARK-X","Overlap","ADCYAP1R1"
"GeoSVG-3D","SPARK-X","Overlap","ADORA1"
"GeoSVG-3D","SPARK-X","Overlap","ADRB1"
"GeoSVG-3D","SPARK-X","Overlap","ALCAM"
"GeoSVG-3D","SPARK-X","Overlap","ANXA11"
"GeoSVG-3D","SPARK-X","Overlap","ARHGAP36"
"GeoSVG-3D","SPARK-X","Overlap","ASS1"
"GeoSVG-3D","SPARK-X","Overlap","AVP"
"GeoSVG-3D","SPARK-X","Overlap","B3GAT2"
"GeoSVG-3D","SPARK-X","Overlap","C1QL2"
"GeoSVG-3D","SPARK-X","Overlap","CACNA2D2"
"GeoSVG-3D","SPARK-X","Overlap","CACNG4"
"GeoSVG-3D","SPARK-X","Overlap","CALB2"
"GeoSVG-3D","SPARK-X","Overlap","CALCR"
"GeoSVG-3D","SPARK-X","Overlap","CAMK2D"
"GeoSVG-3D","SPARK-X","Overlap","CAR4"
"GeoSVG-3D","SPARK-X","Overlap","CAR8"
"GeoSVG-3D","SPARK-X","Overlap","CBLN2"
"GeoSVG-3D","SPARK-X","Overlap","CBLN4"
"GeoSVG-3D","SPARK-X","Overlap","CCK"
"GeoSVG-3D","SPARK-X","Overlap","CCSAP"
"GeoSVG-3D","SPARK-X","Overlap","CD74"
"GeoSVG-3D","SPARK-X","Overlap","CDH13"
"GeoSVG-3D","SPARK-X","Overlap","CDH7"
"GeoSVG-3D","SPARK-X","Overlap","CHRM1"
"GeoSVG-3D","SPARK-X","Overlap","CHRM4"
"GeoSVG-3D","SPARK-X","Overlap","CHRM5"
"GeoSVG-3D","SPARK-X","Overlap","CLDN10"
"GeoSVG-3D","SPARK-X","Overlap","CLIC6"
"GeoSVG-3D","SPARK-X","Overlap","CLU"
"GeoSVG-3D","SPARK-X","Overlap","COCH"
"GeoSVG-3D","SPARK-X","Overlap","CPA6"
"GeoSVG-3D","SPARK-X","Overlap","CPLX3"
"GeoSVG-3D","SPARK-X","Overlap","CPNE5"
"GeoSVG-3D","SPARK-X","Overlap","CRH"
"GeoSVG-3D","SPARK-X","Overlap","CRIM1"
"GeoSVG-3D","SPARK-X","Overlap","CSRP2"
"GeoSVG-3D","SPARK-X","Overlap","CUX2"
"GeoSVG-3D","SPARK-X","Overlap","DCN"
"GeoSVG-3D","SPARK-X","Overlap","DDIT4L"
"GeoSVG-3D","SPARK-X","Overlap","DGKK"
"GeoSVG-3D","SPARK-X","Overlap","DKK3"
"GeoSVG-3D","SPARK-X","Overlap","DLK1"
"GeoSVG-3D","SPARK-X","Overlap","EBF3"
"GeoSVG-3D","SPARK-X","Overlap","ECEL1"
"GeoSVG-3D","SPARK-X","Overlap","ELFN1"
"GeoSVG-3D","SPARK-X","Overlap","EMX2"
"GeoSVG-3D","SPARK-X","Overlap","EPHA7"
"GeoSVG-3D","SPARK-X","Overlap","ETV1"
"GeoSVG-3D","SPARK-X","Overlap","FAM183B"
"GeoSVG-3D","SPARK-X","Overlap","FEZF1"
"GeoSVG-3D","SPARK-X","Overlap","FEZF2"
"GeoSVG-3D","SPARK-X","Overlap","FOXP2"
"GeoSVG-3D","SPARK-X","Overlap","GABRA5"
"GeoSVG-3D","SPARK-X","Overlap","GABRQ"
"GeoSVG-3D","SPARK-X","Overlap","GCHFR"
"GeoSVG-3D","SPARK-X","Overlap","GFRA1"
"GeoSVG-3D","SPARK-X","Overlap","GLRA1"
"GeoSVG-3D","SPARK-X","Overlap","GLRA3"
"GeoSVG-3D","SPARK-X","Overlap","GPX3"
"GeoSVG-3D","SPARK-X","Overlap","GRIK1"
"GeoSVG-3D","SPARK-X","Overlap","GRM3"
"GeoSVG-3D","SPARK-X","Overlap","HAP1"
"GeoSVG-3D","SPARK-X","Overlap","HAPLN1"
"GeoSVG-3D","SPARK-X","Overlap","HDC"
"GeoSVG-3D","SPARK-X","Overlap","HPCAL1"
"GeoSVG-3D","SPARK-X","Overlap","HS3ST2"
"GeoSVG-3D","SPARK-X","Overlap","HTR2C"
"GeoSVG-3D","SPARK-X","Overlap","IGFBP2"
"GeoSVG-3D","SPARK-X","Overlap","IGFBP4"
"GeoSVG-3D","SPARK-X","Overlap","IGFBP6"
"GeoSVG-3D","SPARK-X","Overlap","IGSF8"
"GeoSVG-3D","SPARK-X","Overlap","IL1R1"
"GeoSVG-3D","SPARK-X","Overlap","INHBA"
"GeoSVG-3D","SPARK-X","Overlap","ITIH3"
"GeoSVG-3D","SPARK-X","Overlap","KCNAB3"
"GeoSVG-3D","SPARK-X","Overlap","KCNC3"
"GeoSVG-3D","SPARK-X","Overlap","KCNG1"
"GeoSVG-3D","SPARK-X","Overlap","KCNS1"
"GeoSVG-3D","SPARK-X","Overlap","KITL"
"GeoSVG-3D","SPARK-X","Overlap","KLHL1"
"GeoSVG-3D","SPARK-X","Overlap","KRT15"
"GeoSVG-3D","SPARK-X","Overlap","KRT27"
"GeoSVG-3D","SPARK-X","Overlap","LAMP5"
"GeoSVG-3D","SPARK-X","Overlap","LMO1"
"GeoSVG-3D","SPARK-X","Overlap","LPL"
"GeoSVG-3D","SPARK-X","Overlap","LSAMP"
"GeoSVG-3D","SPARK-X","Overlap","LTK"
"GeoSVG-3D","SPARK-X","Overlap","LY6G6E"
"GeoSVG-3D","SPARK-X","Overlap","LYPD6B"
"GeoSVG-3D","SPARK-X","Overlap","MAOB"
"GeoSVG-3D","SPARK-X","Overlap","MAP3K7CL"
"GeoSVG-3D","SPARK-X","Overlap","MDGA1"
"GeoSVG-3D","SPARK-X","Overlap","MFGE8"
"GeoSVG-3D","SPARK-X","Overlap","MLC1"
"GeoSVG-3D","SPARK-X","Overlap","MRAP2"
"GeoSVG-3D","SPARK-X","Overlap","MYOC"
"GeoSVG-3D","SPARK-X","Overlap","NDST4"
"GeoSVG-3D","SPARK-X","Overlap","NELL1"
"GeoSVG-3D","SPARK-X","Overlap","NEUROD2"
"GeoSVG-3D","SPARK-X","Overlap","NEUROD6"
"GeoSVG-3D","SPARK-X","Overlap","NOTUM"
"GeoSVG-3D","SPARK-X","Overlap","NOV"
"GeoSVG-3D","SPARK-X","Overlap","NPTX1"
"GeoSVG-3D","SPARK-X","Overlap","NPY"
"GeoSVG-3D","SPARK-X","Overlap","NR4A3"
"GeoSVG-3D","SPARK-X","Overlap","NRGN"
"GeoSVG-3D","SPARK-X","Overlap","NTSR1"
"GeoSVG-3D","SPARK-X","Overlap","NTSR2"
"GeoSVG-3D","SPARK-X","Overlap","NXPH1"
"GeoSVG-3D","SPARK-X","Overlap","NXPH4"
"GeoSVG-3D","SPARK-X","Overlap","NYAP2"
"GeoSVG-3D","SPARK-X","Overlap","OSCP1"
"GeoSVG-3D","SPARK-X","Overlap","PBX3"
"GeoSVG-3D","SPARK-X","Overlap","PDE1A"
"GeoSVG-3D","SPARK-X","Overlap","PDGFRA"
"GeoSVG-3D","SPARK-X","Overlap","PGR15L"
"GeoSVG-3D","SPARK-X","Overlap","PIK3R3"
"GeoSVG-3D","SPARK-X","Overlap","PLCXD2"
"GeoSVG-3D","SPARK-X","Overlap","PMCH"
"GeoSVG-3D","SPARK-X","Overlap","POMC"
"GeoSVG-3D","SPARK-X","Overlap","PRKCG"
"GeoSVG-3D","SPARK-X","Overlap","PTPRZ1"
"GeoSVG-3D","SPARK-X","Overlap","PVALB"
"GeoSVG-3D","SPARK-X","Overlap","RBP4"
"GeoSVG-3D","SPARK-X","Overlap","RELN"
"GeoSVG-3D","SPARK-X","Overlap","RGS4"
"GeoSVG-3D","SPARK-X","Overlap","RGS9"
"GeoSVG-3D","SPARK-X","Overlap","RLN3"
"GeoSVG-3D","SPARK-X","Overlap","RORB"
"GeoSVG-3D","SPARK-X","Overlap","RPS24"
"GeoSVG-3D","SPARK-X","Overlap","RXRG"
"GeoSVG-3D","SPARK-X","Overlap","SAPCD2"
"GeoSVG-3D","SPARK-X","Overlap","SATB1"
"GeoSVG-3D","SPARK-X","Overlap","SATB2"
"GeoSVG-3D","SPARK-X","Overlap","SCN4B"
"GeoSVG-3D","SPARK-X","Overlap","SEMA3A"
"GeoSVG-3D","SPARK-X","Overlap","SEMA4D"
"GeoSVG-3D","SPARK-X","Overlap","SEMA5A"
"GeoSVG-3D","SPARK-X","Overlap","SEZ6"
"GeoSVG-3D","SPARK-X","Overlap","SLC17A6"
"GeoSVG-3D","SPARK-X","Overlap","SLC17A7"
"GeoSVG-3D","SPARK-X","Overlap","SLC17A8"
"GeoSVG-3D","SPARK-X","Overlap","SLC30A3"
"GeoSVG-3D","SPARK-X","Overlap","SLC6A11"
"GeoSVG-3D","SPARK-X","Overlap","SMIM17"
"GeoSVG-3D","SPARK-X","Overlap","SMOC1"
"GeoSVG-3D","SPARK-X","Overlap","SNCG"
"GeoSVG-3D","SPARK-X","Overlap","SPARC"
"GeoSVG-3D","SPARK-X","Overlap","SPHKAP"
"GeoSVG-3D","SPARK-X","Overlap","SST"
"GeoSVG-3D","SPARK-X","Overlap","ST18"
"GeoSVG-3D","SPARK-X","Overlap","STK32B"
"GeoSVG-3D","SPARK-X","Overlap","SULF1"
"GeoSVG-3D","SPARK-X","Overlap","SULF2"
"GeoSVG-3D","SPARK-X","Overlap","SUMO2"
"GeoSVG-3D","SPARK-X","Overlap","TBR1"
"GeoSVG-3D","SPARK-X","Overlap","TCAP"
"GeoSVG-3D","SPARK-X","Overlap","TCF4"
"GeoSVG-3D","SPARK-X","Overlap","TEKT5"
"GeoSVG-3D","SPARK-X","Overlap","TIMP4"
"GeoSVG-3D","SPARK-X","Overlap","TMEM132C"
"GeoSVG-3D","SPARK-X","Overlap","TMEM163"
"GeoSVG-3D","SPARK-X","Overlap","TMEM233"
"GeoSVG-3D","SPARK-X","Overlap","TNNT1"
"GeoSVG-3D","SPARK-X","Overlap","UGT8A"
"GeoSVG-3D","SPARK-X","Overlap","VCAN"
"GeoSVG-3D","SPARK-X","Overlap","VIP"
"GeoSVG-3D","SPARK-X","Overlap","VWC2L"
"GeoSVG-3D","SPARK-X","Overlap","ZBTB20"
"GeoSVG-3D","SPARK-X","Overlap","ZFHX4"
"GeoSVG-3D","SPARK-X","GeoSVG-3D only","ABCC9"
"GeoSVG-3D","SPARK-X","GeoSVG-3D only","ADAMTS15"
"GeoSVG-3D","SPARK-X","GeoSVG-3D only","ADCY1"
"GeoSVG-3D","SPARK-X","GeoSVG-3D only","ADORA2B"
"GeoSVG-3D","SPARK-X","GeoSVG-3D only","ADORA3"
"GeoSVG-3D","SPARK-X","GeoSVG-3D only","ADRA1B"
"GeoSVG-3D","SPARK-X","GeoSVG-3D only","ADRB3"
"GeoSVG-3D","SPARK-X","GeoSVG-3D only","AFP"
"GeoSVG-3D","SPARK-X","GeoSVG-3D only","AGRP"
"GeoSVG-3D","SPARK-X","GeoSVG-3D only","ANPEP"
"GeoSVG-3D","SPARK-X","GeoSVG-3D only","ARG1"
"GeoSVG-3D","SPARK-X","GeoSVG-3D only","ARSJ"
"GeoSVG-3D","SPARK-X","GeoSVG-3D only","BAIAP2L1"
"GeoSVG-3D","SPARK-X","GeoSVG-3D only","BDKRB2"
"GeoSVG-3D","SPARK-X","GeoSVG-3D only","BMP3"
"GeoSVG-3D","SPARK-X","GeoSVG-3D only","C1QTNF7"
"GeoSVG-3D","SPARK-X","GeoSVG-3D only","CBS"
"GeoSVG-3D","SPARK-X","GeoSVG-3D only","CCKBR"
"GeoSVG-3D","SPARK-X","GeoSVG-3D only","CCN4"
"GeoSVG-3D","SPARK-X","GeoSVG-3D only","CCND2"
"GeoSVG-3D","SPARK-X","GeoSVG-3D only","CD93"
"GeoSVG-3D","SPARK-X","GeoSVG-3D only","CDC20"
"GeoSVG-3D","SPARK-X","GeoSVG-3D only","CDK1"
"GeoSVG-3D","SPARK-X","GeoSVG-3D only","CFAP58"
"GeoSVG-3D","SPARK-X","GeoSVG-3D only","CFH"
"GeoSVG-3D","SPARK-X","GeoSVG-3D only","CLDN19"
"GeoSVG-3D","SPARK-X","GeoSVG-3D only","CNN1"
"GeoSVG-3D","SPARK-X","GeoSVG-3D only","CNR2"
"GeoSVG-3D","SPARK-X","GeoSVG-3D only","COL12A1"
"GeoSVG-3D","SPARK-X","GeoSVG-3D only","COL19A1"
"GeoSVG-3D","SPARK-X","GeoSVG-3D only","COL20A1"
"GeoSVG-3D","SPARK-X","GeoSVG-3D only","COL24A1"
"GeoSVG-3D","SPARK-X","GeoSVG-3D only","COL3A1"
"GeoSVG-3D","SPARK-X","GeoSVG-3D only","COL5A1"
"GeoSVG-3D","SPARK-X","GeoSVG-3D only","CORO6"
"GeoSVG-3D","SPARK-X","GeoSVG-3D only","CORT"
"GeoSVG-3D","SPARK-X","GeoSVG-3D only","CPB1"
"GeoSVG-3D","SPARK-X","GeoSVG-3D only","CRCT1"
"GeoSVG-3D","SPARK-X","GeoSVG-3D only","DAPL1"
"GeoSVG-3D","SPARK-X","GeoSVG-3D only","DKK1"
"GeoSVG-3D","SPARK-X","GeoSVG-3D only","DLX1"
"GeoSVG-3D","SPARK-X","GeoSVG-3D only","DLX2"
"GeoSVG-3D","SPARK-X","GeoSVG-3D only","EMID1"
"GeoSVG-3D","SPARK-X","GeoSVG-3D only","EN1"
"GeoSVG-3D","SPARK-X","GeoSVG-3D only","FAM169B"
"GeoSVG-3D","SPARK-X","GeoSVG-3D only","FAM92B"
"GeoSVG-3D","SPARK-X","GeoSVG-3D only","FAT2"
"GeoSVG-3D","SPARK-X","GeoSVG-3D only","FBP2"
"GeoSVG-3D","SPARK-X","GeoSVG-3D only","FERMT1"
"GeoSVG-3D","SPARK-X","GeoSVG-3D only","GHRHR"
"GeoSVG-3D","SPARK-X","GeoSVG-3D only","GPSM3"
"GeoSVG-3D","SPARK-X","GeoSVG-3D only","GPX2"
"GeoSVG-3D","SPARK-X","GeoSVG-3D only","HCRTR2"
"GeoSVG-3D","SPARK-X","GeoSVG-3D only","HOXA5"
"GeoSVG-3D","SPARK-X","GeoSVG-3D only","HOXA9"
"GeoSVG-3D","SPARK-X","GeoSVG-3D only","HOXB5"
"GeoSVG-3D","SPARK-X","GeoSVG-3D only","HOXB7"
"GeoSVG-3D","SPARK-X","GeoSVG-3D only","HS3ST4"
"GeoSVG-3D","SPARK-X","GeoSVG-3D only","HTR2B"
"GeoSVG-3D","SPARK-X","GeoSVG-3D only","INMT"
"GeoSVG-3D","SPARK-X","GeoSVG-3D only","INSRR"
"GeoSVG-3D","SPARK-X","GeoSVG-3D only","IRX4"
"GeoSVG-3D","SPARK-X","GeoSVG-3D only","IYD"
"GeoSVG-3D","SPARK-X","GeoSVG-3D only","JUNB"
"GeoSVG-3D","SPARK-X","GeoSVG-3D only","KCNH8"
"GeoSVG-3D","SPARK-X","GeoSVG-3D only","KCNMB1"
"GeoSVG-3D","SPARK-X","GeoSVG-3D only","KCNMB2"
"GeoSVG-3D","SPARK-X","GeoSVG-3D only","KISS1R"
"GeoSVG-3D","SPARK-X","GeoSVG-3D only","KIT"
"GeoSVG-3D","SPARK-X","GeoSVG-3D only","KRT12"
"GeoSVG-3D","SPARK-X","GeoSVG-3D only","LANCL3"
"GeoSVG-3D","SPARK-X","GeoSVG-3D only","LCN2"
"GeoSVG-3D","SPARK-X","GeoSVG-3D only","LEFTY1"
"GeoSVG-3D","SPARK-X","GeoSVG-3D only","LHX8"
"GeoSVG-3D","SPARK-X","GeoSVG-3D only","LPAR3"
"GeoSVG-3D","SPARK-X","GeoSVG-3D only","LRG1"
"GeoSVG-3D","SPARK-X","GeoSVG-3D only","LY6A"
"GeoSVG-3D","SPARK-X","GeoSVG-3D only","MEOX1"
"GeoSVG-3D","SPARK-X","GeoSVG-3D only","MFAP4"
"GeoSVG-3D","SPARK-X","GeoSVG-3D only","MFSD2A"
"GeoSVG-3D","SPARK-X","GeoSVG-3D only","MGP"
"GeoSVG-3D","SPARK-X","GeoSVG-3D only","MKI67"
"GeoSVG-3D","SPARK-X","GeoSVG-3D only","MMP2"
"GeoSVG-3D","SPARK-X","GeoSVG-3D only","MPZ"
"GeoSVG-3D","SPARK-X","GeoSVG-3D only","MRC1"
"GeoSVG-3D","SPARK-X","GeoSVG-3D only","MRGPRD"
"GeoSVG-3D","SPARK-X","GeoSVG-3D only","MS4A15"
"GeoSVG-3D","SPARK-X","GeoSVG-3D only","MTNR1A"
"GeoSVG-3D","SPARK-X","GeoSVG-3D only","MUSTN1"
"GeoSVG-3D","SPARK-X","GeoSVG-3D only","NMS"
"GeoSVG-3D","SPARK-X","GeoSVG-3D only","NPBWR1"
"GeoSVG-3D","SPARK-X","GeoSVG-3D only","NPFF"
"GeoSVG-3D","SPARK-X","GeoSVG-3D only","NPY1R"
"GeoSVG-3D","SPARK-X","GeoSVG-3D only","NPY4R"
"GeoSVG-3D","SPARK-X","GeoSVG-3D only","OPRD1"
"GeoSVG-3D","SPARK-X","GeoSVG-3D only","OXT"
"GeoSVG-3D","SPARK-X","GeoSVG-3D only","PAK4"
"GeoSVG-3D","SPARK-X","GeoSVG-3D only","PARP14"
"GeoSVG-3D","SPARK-X","GeoSVG-3D only","PAX8"
"GeoSVG-3D","SPARK-X","GeoSVG-3D only","PDLIM1"
"GeoSVG-3D","SPARK-X","GeoSVG-3D only","PDZK1IP1"
"GeoSVG-3D","SPARK-X","GeoSVG-3D only","PF4"
"GeoSVG-3D","SPARK-X","GeoSVG-3D only","PNMT"
"GeoSVG-3D","SPARK-X","GeoSVG-3D only","POU4F2"
"GeoSVG-3D","SPARK-X","GeoSVG-3D only","PPP1R3G"
"GeoSVG-3D","SPARK-X","GeoSVG-3D only","PRC1"
"GeoSVG-3D","SPARK-X","GeoSVG-3D only","PROCR"
"GeoSVG-3D","SPARK-X","GeoSVG-3D only","PROK2"
"GeoSVG-3D","SPARK-X","GeoSVG-3D only","PRX"
"GeoSVG-3D","SPARK-X","GeoSVG-3D only","PYY"
"GeoSVG-3D","SPARK-X","GeoSVG-3D only","RARRES1"
"GeoSVG-3D","SPARK-X","GeoSVG-3D only","RASL10A"
"GeoSVG-3D","SPARK-X","GeoSVG-3D only","RASL11A"
"GeoSVG-3D","SPARK-X","GeoSVG-3D only","RGS14"
"GeoSVG-3D","SPARK-X","GeoSVG-3D only","RSPO3"
"GeoSVG-3D","SPARK-X","GeoSVG-3D only","RXFP1"
"GeoSVG-3D","SPARK-X","GeoSVG-3D only","SCTR"
"GeoSVG-3D","SPARK-X","GeoSVG-3D only","SLA"
"GeoSVG-3D","SPARK-X","GeoSVG-3D only","SLA2"
"GeoSVG-3D","SPARK-X","GeoSVG-3D only","SLC18A3"
"GeoSVG-3D","SPARK-X","GeoSVG-3D only","SLC47A1"
"GeoSVG-3D","SPARK-X","GeoSVG-3D only","SLC6A13"
"GeoSVG-3D","SPARK-X","GeoSVG-3D only","SLC6A2"
"GeoSVG-3D","SPARK-X","GeoSVG-3D only","SLC6A3"
"GeoSVG-3D","SPARK-X","GeoSVG-3D only","SLN"
"GeoSVG-3D","SPARK-X","GeoSVG-3D only","SOX11"
"GeoSVG-3D","SPARK-X","GeoSVG-3D only","SOX14"
"GeoSVG-3D","SPARK-X","GeoSVG-3D only","SPINK8"
"GeoSVG-3D","SPARK-X","GeoSVG-3D only","STAC2"
"GeoSVG-3D","SPARK-X","GeoSVG-3D only","STARD8"
"GeoSVG-3D","SPARK-X","GeoSVG-3D only","TACR1"
"GeoSVG-3D","SPARK-X","GeoSVG-3D only","TAX1BP3"
"GeoSVG-3D","SPARK-X","GeoSVG-3D only","TCERG1L"
"GeoSVG-3D","SPARK-X","GeoSVG-3D only","TEDDM3"
"GeoSVG-3D","SPARK-X","GeoSVG-3D only","TFAP2D"
"GeoSVG-3D","SPARK-X","GeoSVG-3D only","TLX3"
"GeoSVG-3D","SPARK-X","GeoSVG-3D only","TMEM119"
"GeoSVG-3D","SPARK-X","GeoSVG-3D only","TMEM255B"
"GeoSVG-3D","SPARK-X","GeoSVG-3D only","TMEM72"
"GeoSVG-3D","SPARK-X","GeoSVG-3D only","TNF"
"GeoSVG-3D","SPARK-X","GeoSVG-3D only","TPH2"
"GeoSVG-3D","SPARK-X","GeoSVG-3D only","TRP73"
"GeoSVG-3D","SPARK-X","GeoSVG-3D only","TRPV1"
"GeoSVG-3D","SPARK-X","GeoSVG-3D only","TUBGCP2"
"GeoSVG-3D","SPARK-X","GeoSVG-3D only","TYRP1"
"GeoSVG-3D","SPARK-X","GeoSVG-3D only","UBE2C"
"GeoSVG-3D","SPARK-X","GeoSVG-3D only","UCN"
"GeoSVG-3D","SPARK-X","GeoSVG-3D only","VGLL3"
"GeoSVG-3D","SPARK-X","GeoSVG-3D only","VWF"
"GeoSVG-3D","SPARK-X","GeoSVG-3D only","WIF1"
"GeoSVG-3D","SPARK-X","GeoSVG-3D only","WNT2"
"GeoSVG-3D","SPARK-X","SPARK-X only","ADCYAP1"
"GeoSVG-3D","SPARK-X","SPARK-X only","ADORA2A"
"GeoSVG-3D","SPARK-X","SPARK-X only","AJAP1"
"GeoSVG-3D","SPARK-X","SPARK-X only","ANXA1"
"GeoSVG-3D","SPARK-X","SPARK-X only","APLN"
"GeoSVG-3D","SPARK-X","SPARK-X only","APOD"
"GeoSVG-3D","SPARK-X","SPARK-X only","ARAP2"
"GeoSVG-3D","SPARK-X","SPARK-X only","ARHGAP6"
"GeoSVG-3D","SPARK-X","SPARK-X only","ASB4"
"GeoSVG-3D","SPARK-X","SPARK-X only","ASIC3"
"GeoSVG-3D","SPARK-X","SPARK-X only","ATP2B4"
"GeoSVG-3D","SPARK-X","SPARK-X only","BAIAP3"
"GeoSVG-3D","SPARK-X","SPARK-X only","BARHL1"
"GeoSVG-3D","SPARK-X","SPARK-X only","BCL11B"
"GeoSVG-3D","SPARK-X","SPARK-X only","BDNF"
"GeoSVG-3D","SPARK-X","SPARK-X only","C1QL3"
"GeoSVG-3D","SPARK-X","SPARK-X only","C4B"
"GeoSVG-3D","SPARK-X","SPARK-X only","CABP7"
"GeoSVG-3D","SPARK-X","SPARK-X only","CACNA2D1"
"GeoSVG-3D","SPARK-X","SPARK-X only","CADM1"
"GeoSVG-3D","SPARK-X","SPARK-X only","CADM2"
"GeoSVG-3D","SPARK-X","SPARK-X only","CALB1"
"GeoSVG-3D","SPARK-X","SPARK-X only","CALCRL"
"GeoSVG-3D","SPARK-X","SPARK-X only","CAR10"
"GeoSVG-3D","SPARK-X","SPARK-X only","CAR2"
"GeoSVG-3D","SPARK-X","SPARK-X only","CARD10"
"GeoSVG-3D","SPARK-X","SPARK-X only","CARTPT"
"GeoSVG-3D","SPARK-X","SPARK-X only","CASP4"
"GeoSVG-3D","SPARK-X","SPARK-X only","CBLN1"
"GeoSVG-3D","SPARK-X","SPARK-X only","CBLN3"
"GeoSVG-3D","SPARK-X","SPARK-X only","CCKAR"
"GeoSVG-3D","SPARK-X","SPARK-X only","CCL24"
"GeoSVG-3D","SPARK-X","SPARK-X only","CCL3"
"GeoSVG-3D","SPARK-X","SPARK-X only","CCNE1"
"GeoSVG-3D","SPARK-X","SPARK-X only","CCP110"
"GeoSVG-3D","SPARK-X","SPARK-X only","CENPF"
"GeoSVG-3D","SPARK-X","SPARK-X only","CHODL"
"GeoSVG-3D","SPARK-X","SPARK-X only","CHRM2"
"GeoSVG-3D","SPARK-X","SPARK-X only","CHRM3"
"GeoSVG-3D","SPARK-X","SPARK-X only","CITED1"
"GeoSVG-3D","SPARK-X","SPARK-X only","CLDN11"
"GeoSVG-3D","SPARK-X","SPARK-X only","CLEC2L"
"GeoSVG-3D","SPARK-X","SPARK-X only","CNTNAP3"
"GeoSVG-3D","SPARK-X","SPARK-X only","COL15A1"
"GeoSVG-3D","SPARK-X","SPARK-X only","COL18A1"
"GeoSVG-3D","SPARK-X","SPARK-X only","COL25A1"
"GeoSVG-3D","SPARK-X","SPARK-X only","COL6A1"
"GeoSVG-3D","SPARK-X","SPARK-X only","CPNE4"
"GeoSVG-3D","SPARK-X","SPARK-X only","CPNE6"
"GeoSVG-3D","SPARK-X","SPARK-X only","CREB3L1"
"GeoSVG-3D","SPARK-X","SPARK-X only","CRYM"
"GeoSVG-3D","SPARK-X","SPARK-X only","CSPG5"
"GeoSVG-3D","SPARK-X","SPARK-X only","CST3"
"GeoSVG-3D","SPARK-X","SPARK-X only","CTPS"
"GeoSVG-3D","SPARK-X","SPARK-X only","CTSC"
"GeoSVG-3D","SPARK-X","SPARK-X only","CTSS"
"GeoSVG-3D","SPARK-X","SPARK-X only","CXCL14"
"GeoSVG-3D","SPARK-X","SPARK-X only","CXCL2"
"GeoSVG-3D","SPARK-X","SPARK-X only","CYP26B1"
"GeoSVG-3D","SPARK-X","SPARK-X only","CYP2S1"
"GeoSVG-3D","SPARK-X","SPARK-X only","CYTH3"
"GeoSVG-3D","SPARK-X","SPARK-X only","DAD1"
"GeoSVG-3D","SPARK-X","SPARK-X only","DBPHT2"
"GeoSVG-3D","SPARK-X","SPARK-X only","DCLK3"
"GeoSVG-3D","SPARK-X","SPARK-X only","DEPTOR"
"GeoSVG-3D","SPARK-X","SPARK-X only","DPY19L1"
"GeoSVG-3D","SPARK-X","SPARK-X only","DRD1"
"GeoSVG-3D","SPARK-X","SPARK-X only","DRD5"
"GeoSVG-3D","SPARK-X","SPARK-X only","EBF2"
"GeoSVG-3D","SPARK-X","SPARK-X only","EFHD2"
"GeoSVG-3D","SPARK-X","SPARK-X only","EGLN3"
"GeoSVG-3D","SPARK-X","SPARK-X only","ENPP6"
"GeoSVG-3D","SPARK-X","SPARK-X only","EOMES"
"GeoSVG-3D","SPARK-X","SPARK-X only","ESRRG"
"GeoSVG-3D","SPARK-X","SPARK-X only","FABP7"
"GeoSVG-3D","SPARK-X","SPARK-X only","FAM107A"
"GeoSVG-3D","SPARK-X","SPARK-X only","FAM181B"
"GeoSVG-3D","SPARK-X","SPARK-X only","FAM184A"
"GeoSVG-3D","SPARK-X","SPARK-X only","FAM214A"
"GeoSVG-3D","SPARK-X","SPARK-X only","FBLN5"
"GeoSVG-3D","SPARK-X","SPARK-X only","FGF10"
"GeoSVG-3D","SPARK-X","SPARK-X only","FGFR3"
"GeoSVG-3D","SPARK-X","SPARK-X only","FIBCD1"
"GeoSVG-3D","SPARK-X","SPARK-X only","FIGN"
"GeoSVG-3D","SPARK-X","SPARK-X only","FJX1"
"GeoSVG-3D","SPARK-X","SPARK-X only","FN1"
"GeoSVG-3D","SPARK-X","SPARK-X only","FRZB"
"GeoSVG-3D","SPARK-X","SPARK-X only","GABBR1"
"GeoSVG-3D","SPARK-X","SPARK-X only","GABBR2"
"GeoSVG-3D","SPARK-X","SPARK-X only","GAD1"
"GeoSVG-3D","SPARK-X","SPARK-X only","GAD2"
"GeoSVG-3D","SPARK-X","SPARK-X only","GAL"
"GeoSVG-3D","SPARK-X","SPARK-X only","GALNTL6"
"GeoSVG-3D","SPARK-X","SPARK-X only","GALR1"
"GeoSVG-3D","SPARK-X","SPARK-X only","GALR2"
"GeoSVG-3D","SPARK-X","SPARK-X only","GATA3"
"GeoSVG-3D","SPARK-X","SPARK-X only","GBX1"
"GeoSVG-3D","SPARK-X","SPARK-X only","GBX2"
"GeoSVG-3D","SPARK-X","SPARK-X only","GFAP"
"GeoSVG-3D","SPARK-X","SPARK-X only","GFRA2"
"GeoSVG-3D","SPARK-X","SPARK-X only","GHRH"
"GeoSVG-3D","SPARK-X","SPARK-X only","GHSR"
"GeoSVG-3D","SPARK-X","SPARK-X only","GJA1"
"GeoSVG-3D","SPARK-X","SPARK-X only","GLDC"
"GeoSVG-3D","SPARK-X","SPARK-X only","GM5741"
"GeoSVG-3D","SPARK-X","SPARK-X only","GNA14"
"GeoSVG-3D","SPARK-X","SPARK-X only","GNG4"
"GeoSVG-3D","SPARK-X","SPARK-X only","GNG8"
"GeoSVG-3D","SPARK-X","SPARK-X only","GPR101"
"GeoSVG-3D","SPARK-X","SPARK-X only","GPR119"
"GeoSVG-3D","SPARK-X","SPARK-X only","GPR139"
"GeoSVG-3D","SPARK-X","SPARK-X only","GPR34"
"GeoSVG-3D","SPARK-X","SPARK-X only","GPR88"
"GeoSVG-3D","SPARK-X","SPARK-X only","GPRASP2"
"GeoSVG-3D","SPARK-X","SPARK-X only","GPSM1"
"GeoSVG-3D","SPARK-X","SPARK-X only","GRIK3"
"GeoSVG-3D","SPARK-X","SPARK-X only","GRM1"
"GeoSVG-3D","SPARK-X","SPARK-X only","GRM2"
"GeoSVG-3D","SPARK-X","SPARK-X only","GRM4"
"GeoSVG-3D","SPARK-X","SPARK-X only","GRM5"
"GeoSVG-3D","SPARK-X","SPARK-X only","GRM7"
"GeoSVG-3D","SPARK-X","SPARK-X only","GRM8"
"GeoSVG-3D","SPARK-X","SPARK-X only","H2-AB1"
"GeoSVG-3D","SPARK-X","SPARK-X only","HCRT"
"GeoSVG-3D","SPARK-X","SPARK-X only","HCRTR1"
"GeoSVG-3D","SPARK-X","SPARK-X only","HDHD3"
"GeoSVG-3D","SPARK-X","SPARK-X only","HHIP"
"GeoSVG-3D","SPARK-X","SPARK-X only","HOPX"
"GeoSVG-3D","SPARK-X","SPARK-X only","HOXA7"
"GeoSVG-3D","SPARK-X","SPARK-X only","HOXC5"
"GeoSVG-3D","SPARK-X","SPARK-X only","HPCAL4"
"GeoSVG-3D","SPARK-X","SPARK-X only","HRH3"
"GeoSVG-3D","SPARK-X","SPARK-X only","HS6ST2"
"GeoSVG-3D","SPARK-X","SPARK-X only","HTR1A"
"GeoSVG-3D","SPARK-X","SPARK-X only","HTR1B"
"GeoSVG-3D","SPARK-X","SPARK-X only","HTR1F"
"GeoSVG-3D","SPARK-X","SPARK-X only","HTR2A"
"GeoSVG-3D","SPARK-X","SPARK-X only","HTR5B"
"GeoSVG-3D","SPARK-X","SPARK-X only","HTRA1"
"GeoSVG-3D","SPARK-X","SPARK-X only","ID4"
"GeoSVG-3D","SPARK-X","SPARK-X only","IFITM1"
"GeoSVG-3D","SPARK-X","SPARK-X only","IGSF1"
"GeoSVG-3D","SPARK-X","SPARK-X only","IL1RAPL2"
"GeoSVG-3D","SPARK-X","SPARK-X only","IL33"
"GeoSVG-3D","SPARK-X","SPARK-X only","INPP5J"
"GeoSVG-3D","SPARK-X","SPARK-X only","IRS4"
"GeoSVG-3D","SPARK-X","SPARK-X only","IRX2"
"GeoSVG-3D","SPARK-X","SPARK-X only","IRX6"
"GeoSVG-3D","SPARK-X","SPARK-X only","KCNAB1"
"GeoSVG-3D","SPARK-X","SPARK-X only","KCND3"
"GeoSVG-3D","SPARK-X","SPARK-X only","KCTD12"
"GeoSVG-3D","SPARK-X","SPARK-X only","KIF5B"
"GeoSVG-3D","SPARK-X","SPARK-X only","KRT73"
"GeoSVG-3D","SPARK-X","SPARK-X only","LEF1"
"GeoSVG-3D","SPARK-X","SPARK-X only","LGI2"
"GeoSVG-3D","SPARK-X","SPARK-X only","LHX1"
"GeoSVG-3D","SPARK-X","SPARK-X only","LHX6"
"GeoSVG-3D","SPARK-X","SPARK-X only","LHX9"
"GeoSVG-3D","SPARK-X","SPARK-X only","LIMS2"
"GeoSVG-3D","SPARK-X","SPARK-X only","LINGO4"
"GeoSVG-3D","SPARK-X","SPARK-X only","LMO3"
"GeoSVG-3D","SPARK-X","SPARK-X only","LMX1A"
"GeoSVG-3D","SPARK-X","SPARK-X only","LRPPRC"
"GeoSVG-3D","SPARK-X","SPARK-X only","LRRC55"
"GeoSVG-3D","SPARK-X","SPARK-X only","LYPD1"
"GeoSVG-3D","SPARK-X","SPARK-X only","LYPD6"
"GeoSVG-3D","SPARK-X","SPARK-X only","MAN1A"
"GeoSVG-3D","SPARK-X","SPARK-X only","MATN2"
"GeoSVG-3D","SPARK-X","SPARK-X only","MBP"
"GeoSVG-3D","SPARK-X","SPARK-X only","MC1R"
"GeoSVG-3D","SPARK-X","SPARK-X only","MEIS2"
"GeoSVG-3D","SPARK-X","SPARK-X only","MLF1"
"GeoSVG-3D","SPARK-X","SPARK-X only","MOG"
"GeoSVG-3D","SPARK-X","SPARK-X only","MOXD1"
"GeoSVG-3D","SPARK-X","SPARK-X only","NDNF"
"GeoSVG-3D","SPARK-X","SPARK-X only","NDRG2"
"GeoSVG-3D","SPARK-X","SPARK-X only","NEFH"
"GeoSVG-3D","SPARK-X","SPARK-X only","NEFM"
"GeoSVG-3D","SPARK-X","SPARK-X only","NEUROD1"
"GeoSVG-3D","SPARK-X","SPARK-X only","NFATC2"
"GeoSVG-3D","SPARK-X","SPARK-X only","NGB"
"GeoSVG-3D","SPARK-X","SPARK-X only","NHLH2"
"GeoSVG-3D","SPARK-X","SPARK-X only","NINJ2"
"GeoSVG-3D","SPARK-X","SPARK-X only","NKX2-1"
"GeoSVG-3D","SPARK-X","SPARK-X only","NMB"
"GeoSVG-3D","SPARK-X","SPARK-X only","NOG"
"GeoSVG-3D","SPARK-X","SPARK-X only","NOS1"
"GeoSVG-3D","SPARK-X","SPARK-X only","NPAS1"
"GeoSVG-3D","SPARK-X","SPARK-X only","NPNT"
"GeoSVG-3D","SPARK-X","SPARK-X only","NPPA"
"GeoSVG-3D","SPARK-X","SPARK-X only","NPPC"
"GeoSVG-3D","SPARK-X","SPARK-X only","NPTX2"
"GeoSVG-3D","SPARK-X","SPARK-X only","NPW"
"GeoSVG-3D","SPARK-X","SPARK-X only","NPY2R"
"GeoSVG-3D","SPARK-X","SPARK-X only","NR2F2"
"GeoSVG-3D","SPARK-X","SPARK-X only","NR3C2"
"GeoSVG-3D","SPARK-X","SPARK-X only","NR4A2"
"GeoSVG-3D","SPARK-X","SPARK-X only","NREP"
"GeoSVG-3D","SPARK-X","SPARK-X only","NRIP3"
"GeoSVG-3D","SPARK-X","SPARK-X only","NRP2"
"GeoSVG-3D","SPARK-X","SPARK-X only","NTNG1"
"GeoSVG-3D","SPARK-X","SPARK-X only","NTS"
"GeoSVG-3D","SPARK-X","SPARK-X only","NWD2"
"GeoSVG-3D","SPARK-X","SPARK-X only","OLFM2"
"GeoSVG-3D","SPARK-X","SPARK-X only","OLFML2A"
"GeoSVG-3D","SPARK-X","SPARK-X only","OMP"
"GeoSVG-3D","SPARK-X","SPARK-X only","ONECUT2"
"GeoSVG-3D","SPARK-X","SPARK-X only","OPALIN"
"GeoSVG-3D","SPARK-X","SPARK-X only","OPRL1"
"GeoSVG-3D","SPARK-X","SPARK-X only","OTOF"
"GeoSVG-3D","SPARK-X","SPARK-X only","OTP"
"GeoSVG-3D","SPARK-X","SPARK-X only","OTX2"
"GeoSVG-3D","SPARK-X","SPARK-X only","OXTR"
"GeoSVG-3D","SPARK-X","SPARK-X only","PARM1"
"GeoSVG-3D","SPARK-X","SPARK-X only","PAX6"
"GeoSVG-3D","SPARK-X","SPARK-X only","PAX7"
"GeoSVG-3D","SPARK-X","SPARK-X only","PCDH11X"
"GeoSVG-3D","SPARK-X","SPARK-X only","PCDH20"
"GeoSVG-3D","SPARK-X","SPARK-X only","PCP4"
"GeoSVG-3D","SPARK-X","SPARK-X only","PDCD4"
"GeoSVG-3D","SPARK-X","SPARK-X only","PDE11A"
"GeoSVG-3D","SPARK-X","SPARK-X only","PDE1C"
"GeoSVG-3D","SPARK-X","SPARK-X only","PDGFA"
"GeoSVG-3D","SPARK-X","SPARK-X only","PDYN"
"GeoSVG-3D","SPARK-X","SPARK-X only","PEG10"
"GeoSVG-3D","SPARK-X","SPARK-X only","PENK"
"GeoSVG-3D","SPARK-X","SPARK-X only","PGLYRP1"
"GeoSVG-3D","SPARK-X","SPARK-X only","PGR"
"GeoSVG-3D","SPARK-X","SPARK-X only","PHLDA1"
"GeoSVG-3D","SPARK-X","SPARK-X only","PHOX2A"
"GeoSVG-3D","SPARK-X","SPARK-X only","PHOX2B"
"GeoSVG-3D","SPARK-X","SPARK-X only","PIEZO2"
"GeoSVG-3D","SPARK-X","SPARK-X only","PITX2"
"GeoSVG-3D","SPARK-X","SPARK-X only","PLCH1"
"GeoSVG-3D","SPARK-X","SPARK-X only","PLTP"
"GeoSVG-3D","SPARK-X","SPARK-X only","PNOC"
"GeoSVG-3D","SPARK-X","SPARK-X only","POSTN"
"GeoSVG-3D","SPARK-X","SPARK-X only","POU4F1"
"GeoSVG-3D","SPARK-X","SPARK-X only","POU6F2"
"GeoSVG-3D","SPARK-X","SPARK-X only","PPP1R14A"
"GeoSVG-3D","SPARK-X","SPARK-X only","PPP1R17"
"GeoSVG-3D","SPARK-X","SPARK-X only","PPP1R1B"
"GeoSVG-3D","SPARK-X","SPARK-X only","PPP2R2B"
"GeoSVG-3D","SPARK-X","SPARK-X only","PRDM12"
"GeoSVG-3D","SPARK-X","SPARK-X only","PRKCD"
"GeoSVG-3D","SPARK-X","SPARK-X only","PRLR"
"GeoSVG-3D","SPARK-X","SPARK-X only","PROX1"
"GeoSVG-3D","SPARK-X","SPARK-X only","PRPH"
"GeoSVG-3D","SPARK-X","SPARK-X only","PRR5L"
"GeoSVG-3D","SPARK-X","SPARK-X only","PRRXL1"
"GeoSVG-3D","SPARK-X","SPARK-X only","PRSS12"
"GeoSVG-3D","SPARK-X","SPARK-X only","PRSS23"
"GeoSVG-3D","SPARK-X","SPARK-X only","PTGDS"
"GeoSVG-3D","SPARK-X","SPARK-X only","PTK2B"
"GeoSVG-3D","SPARK-X","SPARK-X only","PTPRK"
"GeoSVG-3D","SPARK-X","SPARK-X only","RAB3B"
"GeoSVG-3D","SPARK-X","SPARK-X only","RASD1"
"GeoSVG-3D","SPARK-X","SPARK-X only","RELL1"
"GeoSVG-3D","SPARK-X","SPARK-X only","RERG"
"GeoSVG-3D","SPARK-X","SPARK-X only","RESP18"
"GeoSVG-3D","SPARK-X","SPARK-X only","RGS8"
"GeoSVG-3D","SPARK-X","SPARK-X only","RIMS4"
"GeoSVG-3D","SPARK-X","SPARK-X only","RORA"
"GeoSVG-3D","SPARK-X","SPARK-X only","RPP25"
"GeoSVG-3D","SPARK-X","SPARK-X only","RPRM"
"GeoSVG-3D","SPARK-X","SPARK-X only","RSPO1"
"GeoSVG-3D","SPARK-X","SPARK-X only","RXFP4"
"GeoSVG-3D","SPARK-X","SPARK-X only","S1PR1"
"GeoSVG-3D","SPARK-X","SPARK-X only","SCN5A"
"GeoSVG-3D","SPARK-X","SPARK-X only","SEMA3E"
"GeoSVG-3D","SPARK-X","SPARK-X only","SERPINF1"
"GeoSVG-3D","SPARK-X","SPARK-X only","SIM1"
"GeoSVG-3D","SPARK-X","SPARK-X only","SIX3"
"GeoSVG-3D","SPARK-X","SPARK-X only","SKOR1"
"GeoSVG-3D","SPARK-X","SPARK-X only","SLC1A3"
"GeoSVG-3D","SPARK-X","SPARK-X only","SLC24A2"
"GeoSVG-3D","SPARK-X","SPARK-X only","SLC32A1"
"GeoSVG-3D","SPARK-X","SPARK-X only","SLC7A10"
"GeoSVG-3D","SPARK-X","SPARK-X only","SLCO3A1"
"GeoSVG-3D","SPARK-X","SPARK-X only","SNTB1"
"GeoSVG-3D","SPARK-X","SPARK-X only","SORCS1"
"GeoSVG-3D","SPARK-X","SPARK-X only","SOST"
"GeoSVG-3D","SPARK-X","SPARK-X only","SOSTDC1"
"GeoSVG-3D","SPARK-X","SPARK-X only","SOX4"
"GeoSVG-3D","SPARK-X","SPARK-X only","SP9"
"GeoSVG-3D","SPARK-X","SPARK-X only","SPON1"
"GeoSVG-3D","SPARK-X","SPARK-X only","ST8SIA6"
"GeoSVG-3D","SPARK-X","SPARK-X only","STEAP2"
"GeoSVG-3D","SPARK-X","SPARK-X only","STMN2"
"GeoSVG-3D","SPARK-X","SPARK-X only","SV2C"
"GeoSVG-3D","SPARK-X","SPARK-X only","SYNPO2"
"GeoSVG-3D","SPARK-X","SPARK-X only","SYNPR"
"GeoSVG-3D","SPARK-X","SPARK-X only","SYT15"
"GeoSVG-3D","SPARK-X","SPARK-X only","SYT2"
"GeoSVG-3D","SPARK-X","SPARK-X only","SYT6"
"GeoSVG-3D","SPARK-X","SPARK-X only","TAC1"
"GeoSVG-3D","SPARK-X","SPARK-X only","TAC2"
"GeoSVG-3D","SPARK-X","SPARK-X only","TCF7L2"
"GeoSVG-3D","SPARK-X","SPARK-X only","TFAP2B"
"GeoSVG-3D","SPARK-X","SPARK-X only","TFAP2C"
"GeoSVG-3D","SPARK-X","SPARK-X only","TH"
"GeoSVG-3D","SPARK-X","SPARK-X only","THRSP"
"GeoSVG-3D","SPARK-X","SPARK-X only","TIAM1"
"GeoSVG-3D","SPARK-X","SPARK-X only","TMEM215"
"GeoSVG-3D","SPARK-X","SPARK-X only","TMEM255A"
"GeoSVG-3D","SPARK-X","SPARK-X only","TMEM88B"
"GeoSVG-3D","SPARK-X","SPARK-X only","TMSB4X"
"GeoSVG-3D","SPARK-X","SPARK-X only","TNR"
"GeoSVG-3D","SPARK-X","SPARK-X only","TOX"
"GeoSVG-3D","SPARK-X","SPARK-X only","TPBG"
"GeoSVG-3D","SPARK-X","SPARK-X only","TRAF3IP3"
"GeoSVG-3D","SPARK-X","SPARK-X only","TRAPPC3L"
"GeoSVG-3D","SPARK-X","SPARK-X only","TREM2"
"GeoSVG-3D","SPARK-X","SPARK-X only","TRF"
"GeoSVG-3D","SPARK-X","SPARK-X only","TRH"
"GeoSVG-3D","SPARK-X","SPARK-X only","TRHR"
"GeoSVG-3D","SPARK-X","SPARK-X only","TRIM66"
"GeoSVG-3D","SPARK-X","SPARK-X only","TSHZ2"
"GeoSVG-3D","SPARK-X","SPARK-X only","TTR"
"GeoSVG-3D","SPARK-X","SPARK-X only","TTYH1"
"GeoSVG-3D","SPARK-X","SPARK-X only","UNC5B"
"GeoSVG-3D","SPARK-X","SPARK-X only","UTS2B"
"GeoSVG-3D","SPARK-X","SPARK-X only","VAMP1"
"GeoSVG-3D","SPARK-X","SPARK-X only","VEGFA"
"GeoSVG-3D","SPARK-X","SPARK-X only","VIM"
"GeoSVG-3D","SPARK-X","SPARK-X only","VIPR1"
"GeoSVG-3D","SPARK-X","SPARK-X only","VWC2"
"GeoSVG-3D","SPARK-X","SPARK-X only","WFDC18"
"GeoSVG-3D","SPARK-X","SPARK-X only","WFS1"
"GeoSVG-3D","SPARK-X","SPARK-X only","WHRN"
"GeoSVG-3D","SPARK-X","SPARK-X only","ZIC1"
"scBSP","SPARK","Overlap","ADCYAP1"
"scBSP","SPARK","Overlap","ADCYAP1R1"
"scBSP","SPARK","Overlap","ALCAM"
"scBSP","SPARK","Overlap","APOD"
"scBSP","SPARK","Overlap","ASS1"
"scBSP","SPARK","Overlap","BAIAP3"
"scBSP","SPARK","Overlap","CACNA2D1"
"scBSP","SPARK","Overlap","CACNA2D2"
"scBSP","SPARK","Overlap","CADM1"
"scBSP","SPARK","Overlap","CALB2"
"scBSP","SPARK","Overlap","CALCR"
"scBSP","SPARK","Overlap","CAMK2D"
"scBSP","SPARK","Overlap","CAR2"
"scBSP","SPARK","Overlap","CARTPT"
"scBSP","SPARK","Overlap","CBLN1"
"scBSP","SPARK","Overlap","CBLN2"
"scBSP","SPARK","Overlap","CLDN11"
"scBSP","SPARK","Overlap","CLU"
"scBSP","SPARK","Overlap","CPNE6"
"scBSP","SPARK","Overlap","CST3"
"scBSP","SPARK","Overlap","DBPHT2"
"scBSP","SPARK","Overlap","DKK3"
"scBSP","SPARK","Overlap","DLK1"
"scBSP","SPARK","Overlap","EBF3"
"scBSP","SPARK","Overlap","GABBR1"
"scBSP","SPARK","Overlap","GABBR2"
"scBSP","SPARK","Overlap","GAD2"
"scBSP","SPARK","Overlap","GFAP"
"scBSP","SPARK","Overlap","GJA1"
"scBSP","SPARK","Overlap","GPRASP2"
"scBSP","SPARK","Overlap","GPSM1"
"scBSP","SPARK","Overlap","GRM5"
"scBSP","SPARK","Overlap","GRM7"
"scBSP","SPARK","Overlap","HAP1"
"scBSP","SPARK","Overlap","HCRT"
"scBSP","SPARK","Overlap","HPCAL1"
"scBSP","SPARK","Overlap","HPCAL4"
"scBSP","SPARK","Overlap","HTRA1"
"scBSP","SPARK","Overlap","IGSF8"
"scBSP","SPARK","Overlap","ITIH3"
"scBSP","SPARK","Overlap","KLHL1"
"scBSP","SPARK","Overlap","LMO3"
"scBSP","SPARK","Overlap","LSAMP"
"scBSP","SPARK","Overlap","LYPD1"
"scBSP","SPARK","Overlap","MBP"
"scBSP","SPARK","Overlap","MDGA1"
"scBSP","SPARK","Overlap","MEIS2"
"scBSP","SPARK","Overlap","MOG"
"scBSP","SPARK","Overlap","NEFM"
"scBSP","SPARK","Overlap","NPTX1"
"scBSP","SPARK","Overlap","NRGN"
"scBSP","SPARK","Overlap","NTSR2"
"scBSP","SPARK","Overlap","OLFM2"
"scBSP","SPARK","Overlap","OPRL1"
"scBSP","SPARK","Overlap","PARM1"
"scBSP","SPARK","Overlap","PCP4"
"scBSP","SPARK","Overlap","PEG10"
"scBSP","SPARK","Overlap","PENK"
"scBSP","SPARK","Overlap","PMCH"
"scBSP","SPARK","Overlap","PPP1R1B"
"scBSP","SPARK","Overlap","PPP2R2B"
"scBSP","SPARK","Overlap","PRKCD"
"scBSP","SPARK","Overlap","PROX1"
"scBSP","SPARK","Overlap","PTGDS"
"scBSP","SPARK","Overlap","RAB3B"
"scBSP","SPARK","Overlap","RGS4"
"scBSP","SPARK","Overlap","RPS24"
"scBSP","SPARK","Overlap","SATB1"
"scBSP","SPARK","Overlap","SEZ6"
"scBSP","SPARK","Overlap","SLC32A1"
"scBSP","SPARK","Overlap","SLC6A11"
"scBSP","SPARK","Overlap","SNCG"
"scBSP","SPARK","Overlap","SPARC"
"scBSP","SPARK","Overlap","STMN2"
"scBSP","SPARK","Overlap","SUMO2"
"scBSP","SPARK","Overlap","TAC1"
"scBSP","SPARK","Overlap","TMEM163"
"scBSP","SPARK","Overlap","TMSB4X"
"scBSP","SPARK","Overlap","TRF"
"scBSP","SPARK","Overlap","TSHZ2"
"scBSP","SPARK","Overlap","VAMP1"
"scBSP","SPARK","scBSP only","CXCL14"
"scBSP","SPARK","SPARK only","ABCC9"
"scBSP","SPARK","SPARK only","ACBD7"
"scBSP","SPARK","SPARK only","ACTA2"
"scBSP","SPARK","SPARK only","ADA"
"scBSP","SPARK","SPARK only","ADAMTS15"
"scBSP","SPARK","SPARK only","ADARB2"
"scBSP","SPARK","SPARK only","ADGRG2"
"scBSP","SPARK","SPARK only","ADM"
"scBSP","SPARK","SPARK only","ADORA1"
"scBSP","SPARK","SPARK only","ADORA2A"
"scBSP","SPARK","SPARK only","ADORA2B"
"scBSP","SPARK","SPARK only","ADORA3"
"scBSP","SPARK","SPARK only","ADRA1B"
"scBSP","SPARK","SPARK only","ADRB1"
"scBSP","SPARK","SPARK only","ADRB3"
"scBSP","SPARK","SPARK only","AFP"
"scBSP","SPARK","SPARK only","AGTR2"
"scBSP","SPARK","SPARK only","AJAP1"
"scBSP","SPARK","SPARK only","ANGPT2"
"scBSP","SPARK","SPARK only","ANLN"
"scBSP","SPARK","SPARK only","ANPEP"
"scBSP","SPARK","SPARK only","ANXA11"
"scBSP","SPARK","SPARK only","APLN"
"scBSP","SPARK","SPARK only","APOLD1"
"scBSP","SPARK","SPARK only","AQP1"
"scBSP","SPARK","SPARK only","AQP4"
"scBSP","SPARK","SPARK only","ARHGAP36"
"scBSP","SPARK","SPARK only","ARHGAP6"
"scBSP","SPARK","SPARK only","ASB4"
"scBSP","SPARK","SPARK only","ASIC4"
"scBSP","SPARK","SPARK only","ATF3"
"scBSP","SPARK","SPARK only","ATP2B4"
"scBSP","SPARK","SPARK only","AVP"
"scBSP","SPARK","SPARK only","B3GAT2"
"scBSP","SPARK","SPARK only","BARHL1"
"scBSP","SPARK","SPARK only","BCL11B"
"scBSP","SPARK","SPARK only","BCL6"
"scBSP","SPARK","SPARK only","BDNF"
"scBSP","SPARK","SPARK only","BIRC5"
"scBSP","SPARK","SPARK only","BMP3"
"scBSP","SPARK","SPARK only","BMP4"
"scBSP","SPARK","SPARK only","BRCA1"
"scBSP","SPARK","SPARK only","C1QL1"
"scBSP","SPARK","SPARK only","C1QL2"
"scBSP","SPARK","SPARK only","C1QL3"
"scBSP","SPARK","SPARK only","C4B"
"scBSP","SPARK","SPARK only","CABP7"
"scBSP","SPARK","SPARK only","CACNG4"
"scBSP","SPARK","SPARK only","CADM2"
"scBSP","SPARK","SPARK only","CALB1"
"scBSP","SPARK","SPARK only","CALCA"
"scBSP","SPARK","SPARK only","CALCRL"
"scBSP","SPARK","SPARK only","CAR10"
"scBSP","SPARK","SPARK only","CAR3"
"scBSP","SPARK","SPARK only","CAR4"
"scBSP","SPARK","SPARK only","CAR8"
"scBSP","SPARK","SPARK only","CARD10"
"scBSP","SPARK","SPARK only","CASP4"
"scBSP","SPARK","SPARK only","CASP8"
"scBSP","SPARK","SPARK only","CASR"
"scBSP","SPARK","SPARK only","CBLN3"
"scBSP","SPARK","SPARK only","CBLN4"
"scBSP","SPARK","SPARK only","CBR2"
"scBSP","SPARK","SPARK only","CCK"
"scBSP","SPARK","SPARK only","CCKAR"
"scBSP","SPARK","SPARK only","CCKBR"
"scBSP","SPARK","SPARK only","CCL24"
"scBSP","SPARK","SPARK only","CCL3"
"scBSP","SPARK","SPARK only","CCL4"
"scBSP","SPARK","SPARK only","CCN4"
"scBSP","SPARK","SPARK only","CCND2"
"scBSP","SPARK","SPARK only","CCNE1"
"scBSP","SPARK","SPARK only","CCP110"
"scBSP","SPARK","SPARK only","CCRL2"
"scBSP","SPARK","SPARK only","CCSAP"
"scBSP","SPARK","SPARK only","CD74"
"scBSP","SPARK","SPARK only","CDC20"
"scBSP","SPARK","SPARK only","CDH13"
"scBSP","SPARK","SPARK only","CDH7"
"scBSP","SPARK","SPARK only","CDK1"
"scBSP","SPARK","SPARK only","CDKN1C"
"scBSP","SPARK","SPARK only","CEMIP"
"scBSP","SPARK","SPARK only","CENPF"
"scBSP","SPARK","SPARK only","CFAP126"
"scBSP","SPARK","SPARK only","CHAT"
"scBSP","SPARK","SPARK only","CHODL"
"scBSP","SPARK","SPARK only","CHRM1"
"scBSP","SPARK","SPARK only","CHRM2"
"scBSP","SPARK","SPARK only","CHRM3"
"scBSP","SPARK","SPARK only","CHRM4"
"scBSP","SPARK","SPARK only","CHRM5"
"scBSP","SPARK","SPARK only","CHRNA2"
"scBSP","SPARK","SPARK only","CHRNA3"
"scBSP","SPARK","SPARK only","CKS2"
"scBSP","SPARK","SPARK only","CLDN10"
"scBSP","SPARK","SPARK only","CLEC2L"
"scBSP","SPARK","SPARK only","CLIC5"
"scBSP","SPARK","SPARK only","CNKSR3"
"scBSP","SPARK","SPARK only","CNN1"
"scBSP","SPARK","SPARK only","CNPY1"
"scBSP","SPARK","SPARK only","CNTNAP3"
"scBSP","SPARK","SPARK only","COCH"
"scBSP","SPARK","SPARK only","COL15A1"
"scBSP","SPARK","SPARK only","COL18A1"
"scBSP","SPARK","SPARK only","COL20A1"
"scBSP","SPARK","SPARK only","COL24A1"
"scBSP","SPARK","SPARK only","COL25A1"
"scBSP","SPARK","SPARK only","COL5A1"
"scBSP","SPARK","SPARK only","COL6A1"
"scBSP","SPARK","SPARK only","COL9A2"
"scBSP","SPARK","SPARK only","COX4I2"
"scBSP","SPARK","SPARK only","COX6A2"
"scBSP","SPARK","SPARK only","CPA6"
"scBSP","SPARK","SPARK only","CPB1"
"scBSP","SPARK","SPARK only","CPLX3"
"scBSP","SPARK","SPARK only","CPNE4"
"scBSP","SPARK","SPARK only","CPNE5"
"scBSP","SPARK","SPARK only","CPXM2"
"scBSP","SPARK","SPARK only","CREB3L1"
"scBSP","SPARK","SPARK only","CRH"
"scBSP","SPARK","SPARK only","CRHBP"
"scBSP","SPARK","SPARK only","CRISP1"
"scBSP","SPARK","SPARK only","CRYM"
"scBSP","SPARK","SPARK only","CSPG5"
"scBSP","SPARK","SPARK only","CSRP2"
"scBSP","SPARK","SPARK only","CTPS"
"scBSP","SPARK","SPARK only","CTSS"
"scBSP","SPARK","SPARK only","CUX2"
"scBSP","SPARK","SPARK only","CYP26B1"
"scBSP","SPARK","SPARK only","CYP2S1"
"scBSP","SPARK","SPARK only","CYTH3"
"scBSP","SPARK","SPARK only","DAPL1"
"scBSP","SPARK","SPARK only","DCLK3"
"scBSP","SPARK","SPARK only","DCN"
"scBSP","SPARK","SPARK only","DDIT4L"
"scBSP","SPARK","SPARK only","DEGS2"
"scBSP","SPARK","SPARK only","DEPTOR"
"scBSP","SPARK","SPARK only","DGKK"
"scBSP","SPARK","SPARK only","DLX1"
"scBSP","SPARK","SPARK only","DLX5"
"scBSP","SPARK","SPARK only","DPY19L1"
"scBSP","SPARK","SPARK only","DRD1"
"scBSP","SPARK","SPARK only","DRD3"
"scBSP","SPARK","SPARK only","DRD4"
"scBSP","SPARK","SPARK only","DRD5"
"scBSP","SPARK","SPARK only","EBF1"
"scBSP","SPARK","SPARK only","EBF2"
"scBSP","SPARK","SPARK only","ECEL1"
"scBSP","SPARK","SPARK only","ECSCR"
"scBSP","SPARK","SPARK only","EFHD1"
"scBSP","SPARK","SPARK only","EFHD2"
"scBSP","SPARK","SPARK only","EFNA5"
"scBSP","SPARK","SPARK only","EGLN3"
"scBSP","SPARK","SPARK only","ELFN1"
"scBSP","SPARK","SPARK only","EMID1"
"scBSP","SPARK","SPARK only","EMX2"
"scBSP","SPARK","SPARK only","EN1"
"scBSP","SPARK","SPARK only","ENPP6"
"scBSP","SPARK","SPARK only","EOMES"
"scBSP","SPARK","SPARK only","EPHA7"
"scBSP","SPARK","SPARK only","EPYC"
"scBSP","SPARK","SPARK only","ESRRG"
"scBSP","SPARK","SPARK only","ETV1"
"scBSP","SPARK","SPARK only","FABP7"
"scBSP","SPARK","SPARK only","FAM107A"
"scBSP","SPARK","SPARK only","FAM169B"
"scBSP","SPARK","SPARK only","FAM183B"
"scBSP","SPARK","SPARK only","FAM214A"
"scBSP","SPARK","SPARK only","FAM216B"
"scBSP","SPARK","SPARK only","FAM92B"
"scBSP","SPARK","SPARK only","FAT2"
"scBSP","SPARK","SPARK only","FBLN2"
"scBSP","SPARK","SPARK only","FBLN5"
"scBSP","SPARK","SPARK only","FBP2"
"scBSP","SPARK","SPARK only","FEZF1"
"scBSP","SPARK","SPARK only","FEZF2"
"scBSP","SPARK","SPARK only","FGF10"
"scBSP","SPARK","SPARK only","FGFR3"
"scBSP","SPARK","SPARK only","FIBCD1"
"scBSP","SPARK","SPARK only","FIGN"
"scBSP","SPARK","SPARK only","FJX1"
"scBSP","SPARK","SPARK only","FOLR1"
"scBSP","SPARK","SPARK only","FOS"
"scBSP","SPARK","SPARK only","FOXP2"
"scBSP","SPARK","SPARK only","FSHR"
"scBSP","SPARK","SPARK only","GABRA5"
"scBSP","SPARK","SPARK only","GABRA6"
"scBSP","SPARK","SPARK only","GABRQ"
"scBSP","SPARK","SPARK only","GABRR2"
"scBSP","SPARK","SPARK only","GAD1"
"scBSP","SPARK","SPARK only","GAL"
"scBSP","SPARK","SPARK only","GALNTL6"
"scBSP","SPARK","SPARK only","GALR1"
"scBSP","SPARK","SPARK only","GALR2"
"scBSP","SPARK","SPARK only","GAST"
"scBSP","SPARK","SPARK only","GATA3"
"scBSP","SPARK","SPARK only","GBX1"
"scBSP","SPARK","SPARK only","GBX2"
"scBSP","SPARK","SPARK only","GCH1"
"scBSP","SPARK","SPARK only","GCHFR"
"scBSP","SPARK","SPARK only","GFRA1"
"scBSP","SPARK","SPARK only","GFRA2"
"scBSP","SPARK","SPARK only","GHRH"
"scBSP","SPARK","SPARK only","GHSR"
"scBSP","SPARK","SPARK only","GIPR"
"scBSP","SPARK","SPARK only","GJB2"
"scBSP","SPARK","SPARK only","GLDC"
"scBSP","SPARK","SPARK only","GLRA1"
"scBSP","SPARK","SPARK only","GLRA3"
"scBSP","SPARK","SPARK only","GM5741"
"scBSP","SPARK","SPARK only","GNA14"
"scBSP","SPARK","SPARK only","GNG4"
"scBSP","SPARK","SPARK only","GNG8"
"scBSP","SPARK","SPARK only","GPR101"
"scBSP","SPARK","SPARK only","GPR119"
"scBSP","SPARK","SPARK only","GPR139"
"scBSP","SPARK","SPARK only","GPR34"
"scBSP","SPARK","SPARK only","GPR50"
"scBSP","SPARK","SPARK only","GPR88"
"scBSP","SPARK","SPARK only","GPSM3"
"scBSP","SPARK","SPARK only","GPX2"
"scBSP","SPARK","SPARK only","GPX3"
"scBSP","SPARK","SPARK only","GRIK1"
"scBSP","SPARK","SPARK only","GRIK3"
"scBSP","SPARK","SPARK only","GRIN2C"
"scBSP","SPARK","SPARK only","GRM1"
"scBSP","SPARK","SPARK only","GRM2"
"scBSP","SPARK","SPARK only","GRM3"
"scBSP","SPARK","SPARK only","GRM4"
"scBSP","SPARK","SPARK only","GRM8"
"scBSP","SPARK","SPARK only","GRP"
"scBSP","SPARK","SPARK only","H2-AB1"
"scBSP","SPARK","SPARK only","HAPLN1"
"scBSP","SPARK","SPARK only","HCRTR1"
"scBSP","SPARK","SPARK only","HDC"
"scBSP","SPARK","SPARK only","HHIP"
"scBSP","SPARK","SPARK only","HOPX"
"scBSP","SPARK","SPARK only","HOXA5"
"scBSP","SPARK","SPARK only","HOXA7"
"scBSP","SPARK","SPARK only","HOXB7"
"scBSP","SPARK","SPARK only","HOXB9"
"scBSP","SPARK","SPARK only","HOXC4"
"scBSP","SPARK","SPARK only","HOXC5"
"scBSP","SPARK","SPARK only","HRH1"
"scBSP","SPARK","SPARK only","HRH3"
"scBSP","SPARK","SPARK only","HS3ST2"
"scBSP","SPARK","SPARK only","HS3ST4"
"scBSP","SPARK","SPARK only","HS6ST2"
"scBSP","SPARK","SPARK only","HSPA1A"
"scBSP","SPARK","SPARK only","HSPB7"
"scBSP","SPARK","SPARK only","HTR1A"
"scBSP","SPARK","SPARK only","HTR1B"
"scBSP","SPARK","SPARK only","HTR1D"
"scBSP","SPARK","SPARK only","HTR1F"
"scBSP","SPARK","SPARK only","HTR2A"
"scBSP","SPARK","SPARK only","HTR2B"
"scBSP","SPARK","SPARK only","HTR2C"
"scBSP","SPARK","SPARK only","HTR5B"
"scBSP","SPARK","SPARK only","ID2"
"scBSP","SPARK","SPARK only","ID4"
"scBSP","SPARK","SPARK only","IFITM1"
"scBSP","SPARK","SPARK only","IGF2"
"scBSP","SPARK","SPARK only","IGFBP2"
"scBSP","SPARK","SPARK only","IGFBP4"
"scBSP","SPARK","SPARK only","IGFBP6"
"scBSP","SPARK","SPARK only","IGFBPL1"
"scBSP","SPARK","SPARK only","IGSF1"
"scBSP","SPARK","SPARK only","IL1R1"
"scBSP","SPARK","SPARK only","IL1RAPL2"
"scBSP","SPARK","SPARK only","IL23A"
"scBSP","SPARK","SPARK only","IL33"
"scBSP","SPARK","SPARK only","INHBA"
"scBSP","SPARK","SPARK only","IRS4"
"scBSP","SPARK","SPARK only","IRX2"
"scBSP","SPARK","SPARK only","IRX6"
"scBSP","SPARK","SPARK only","ISL1"
"scBSP","SPARK","SPARK only","ISL2"
"scBSP","SPARK","SPARK only","KCNAB1"
"scBSP","SPARK","SPARK only","KCNAB3"
"scBSP","SPARK","SPARK only","KCNC2"
"scBSP","SPARK","SPARK only","KCNC3"
"scBSP","SPARK","SPARK only","KCND3"
"scBSP","SPARK","SPARK only","KCNG1"
"scBSP","SPARK","SPARK only","KCNJ8"
"scBSP","SPARK","SPARK only","KCNMB2"
"scBSP","SPARK","SPARK only","KCNS1"
"scBSP","SPARK","SPARK only","KCTD12"
"scBSP","SPARK","SPARK only","KISS1R"
"scBSP","SPARK","SPARK only","KIT"
"scBSP","SPARK","SPARK only","KITL"
"scBSP","SPARK","SPARK only","KL"
"scBSP","SPARK","SPARK only","KLHL14"
"scBSP","SPARK","SPARK only","KLK6"
"scBSP","SPARK","SPARK only","KRT12"
"scBSP","SPARK","SPARK only","KRT15"
"scBSP","SPARK","SPARK only","KRT17"
"scBSP","SPARK","SPARK only","KRT19"
"scBSP","SPARK","SPARK only","KRT27"
"scBSP","SPARK","SPARK only","KRT73"
"scBSP","SPARK","SPARK only","LAMP5"
"scBSP","SPARK","SPARK only","LANCL3"
"scBSP","SPARK","SPARK only","LBP"
"scBSP","SPARK","SPARK only","LBX1"
"scBSP","SPARK","SPARK only","LCN2"
"scBSP","SPARK","SPARK only","LEF1"
"scBSP","SPARK","SPARK only","LGI2"
"scBSP","SPARK","SPARK only","LHX1"
"scBSP","SPARK","SPARK only","LHX2"
"scBSP","SPARK","SPARK only","LHX6"
"scBSP","SPARK","SPARK only","LHX8"
"scBSP","SPARK","SPARK only","LHX9"
"scBSP","SPARK","SPARK only","LIMS2"
"scBSP","SPARK","SPARK only","LINGO4"
"scBSP","SPARK","SPARK only","LMCD1"
"scBSP","SPARK","SPARK only","LMO1"
"scBSP","SPARK","SPARK only","LMX1A"
"scBSP","SPARK","SPARK only","LPAR3"
"scBSP","SPARK","SPARK only","LPL"
"scBSP","SPARK","SPARK only","LRRC55"
"scBSP","SPARK","SPARK only","LRRTM2"
"scBSP","SPARK","SPARK only","LTK"
"scBSP","SPARK","SPARK only","LY6C1"
"scBSP","SPARK","SPARK only","LY6G6E"
"scBSP","SPARK","SPARK only","LYPD6"
"scBSP","SPARK","SPARK only","LYPD6B"
"scBSP","SPARK","SPARK only","MAB21L2"
"scBSP","SPARK","SPARK only","MAN1A"
"scBSP","SPARK","SPARK only","MAOB"
"scBSP","SPARK","SPARK only","MAP3K7CL"
"scBSP","SPARK","SPARK only","MATN2"
"scBSP","SPARK","SPARK only","MC1R"
"scBSP","SPARK","SPARK only","MEGF11"
"scBSP","SPARK","SPARK only","MEOX1"
"scBSP","SPARK","SPARK only","MFAP4"
"scBSP","SPARK","SPARK only","MFGE8"
"scBSP","SPARK","SPARK only","MFSD2A"
"scBSP","SPARK","SPARK only","MGP"
"scBSP","SPARK","SPARK only","MGST1"
"scBSP","SPARK","SPARK only","MIA"
"scBSP","SPARK","SPARK only","MKI67"
"scBSP","SPARK","SPARK only","MMP2"
"scBSP","SPARK","SPARK only","MNS1"
"scBSP","SPARK","SPARK only","MOXD1"
"scBSP","SPARK","SPARK only","MRAP2"
"scBSP","SPARK","SPARK only","MRC1"
"scBSP","SPARK","SPARK only","MREG"
"scBSP","SPARK","SPARK only","MUSTN1"
"scBSP","SPARK","SPARK only","MYH8"
"scBSP","SPARK","SPARK only","MYL4"
"scBSP","SPARK","SPARK only","MYOC"
"scBSP","SPARK","SPARK only","NCMAP"
"scBSP","SPARK","SPARK only","NDNF"
"scBSP","SPARK","SPARK only","NDRG2"
"scBSP","SPARK","SPARK only","NDST4"
"scBSP","SPARK","SPARK only","NECAB1"
"scBSP","SPARK","SPARK only","NEFH"
"scBSP","SPARK","SPARK only","NELL1"
"scBSP","SPARK","SPARK only","NEUROD1"
"scBSP","SPARK","SPARK only","NEUROD6"
"scBSP","SPARK","SPARK only","NFATC2"
"scBSP","SPARK","SPARK only","NFIB"
"scBSP","SPARK","SPARK only","NGB"
"scBSP","SPARK","SPARK only","NGFR"
"scBSP","SPARK","SPARK only","NHLH2"
"scBSP","SPARK","SPARK only","NINJ2"
"scBSP","SPARK","SPARK only","NKX2-1"
"scBSP","SPARK","SPARK only","NKX2-9"
"scBSP","SPARK","SPARK only","NMB"
"scBSP","SPARK","SPARK only","NMBR"
"scBSP","SPARK","SPARK only","NMS"
"scBSP","SPARK","SPARK only","NMU"
"scBSP","SPARK","SPARK only","NMUR2"
"scBSP","SPARK","SPARK only","NOG"
"scBSP","SPARK","SPARK only","NOS1"
"scBSP","SPARK","SPARK only","NOTUM"
"scBSP","SPARK","SPARK only","NOV"
"scBSP","SPARK","SPARK only","NPAS1"
"scBSP","SPARK","SPARK only","NPBWR1"
"scBSP","SPARK","SPARK only","NPFF"
"scBSP","SPARK","SPARK only","NPFFR1"
"scBSP","SPARK","SPARK only","NPFFR2"
"scBSP","SPARK","SPARK only","NPNT"
"scBSP","SPARK","SPARK only","NPPA"
"scBSP","SPARK","SPARK only","NPPB"
"scBSP","SPARK","SPARK only","NPPC"
"scBSP","SPARK","SPARK only","NPTX2"
"scBSP","SPARK","SPARK only","NPW"
"scBSP","SPARK","SPARK only","NPY"
"scBSP","SPARK","SPARK only","NPY1R"
"scBSP","SPARK","SPARK only","NPY2R"
"scBSP","SPARK","SPARK only","NPY4R"
"scBSP","SPARK","SPARK only","NPY5R"
"scBSP","SPARK","SPARK only","NR2F2"
"scBSP","SPARK","SPARK only","NR3C2"
"scBSP","SPARK","SPARK only","NR4A2"
"scBSP","SPARK","SPARK only","NR4A3"
"scBSP","SPARK","SPARK only","NREP"
"scBSP","SPARK","SPARK only","NRIP3"
"scBSP","SPARK","SPARK only","NRP2"
"scBSP","SPARK","SPARK only","NRTN"
"scBSP","SPARK","SPARK only","NTNG1"
"scBSP","SPARK","SPARK only","NTS"
"scBSP","SPARK","SPARK only","NTSR1"
"scBSP","SPARK","SPARK only","NWD2"
"scBSP","SPARK","SPARK only","NXPH1"
"scBSP","SPARK","SPARK only","NXPH4"
"scBSP","SPARK","SPARK only","NYAP2"
"scBSP","SPARK","SPARK only","OMP"
"scBSP","SPARK","SPARK only","ONECUT2"
"scBSP","SPARK","SPARK only","OPALIN"
"scBSP","SPARK","SPARK only","OPRD1"
"scBSP","SPARK","SPARK only","OPRK1"
"scBSP","SPARK","SPARK only","OPRM1"
"scBSP","SPARK","SPARK only","OSCP1"
"scBSP","SPARK","SPARK only","OTOF"
"scBSP","SPARK","SPARK only","OTP"
"scBSP","SPARK","SPARK only","OTX1"
"scBSP","SPARK","SPARK only","OXTR"
"scBSP","SPARK","SPARK only","PALM3"
"scBSP","SPARK","SPARK only","PAPPA"
"scBSP","SPARK","SPARK only","PAPPA2"
"scBSP","SPARK","SPARK only","PAQR5"
"scBSP","SPARK","SPARK only","PARP14"
"scBSP","SPARK","SPARK only","PAX5"
"scBSP","SPARK","SPARK only","PAX6"
"scBSP","SPARK","SPARK only","PAX7"
"scBSP","SPARK","SPARK only","PCDH11X"
"scBSP","SPARK","SPARK only","PCSK5"
"scBSP","SPARK","SPARK only","PDCD4"
"scBSP","SPARK","SPARK only","PDE11A"
"scBSP","SPARK","SPARK only","PDE1A"
"scBSP","SPARK","SPARK only","PDE1C"
"scBSP","SPARK","SPARK only","PDGFRA"
"scBSP","SPARK","SPARK only","PDYN"
"scBSP","SPARK","SPARK only","PDZK1IP1"
"scBSP","SPARK","SPARK only","PF4"
"scBSP","SPARK","SPARK only","PGAM2"
"scBSP","SPARK","SPARK only","PGLYRP1"
"scBSP","SPARK","SPARK only","PGR"
"scBSP","SPARK","SPARK only","PGR15L"
"scBSP","SPARK","SPARK only","PHLDA1"
"scBSP","SPARK","SPARK only","PHOX2A"
"scBSP","SPARK","SPARK only","PHOX2B"
"scBSP","SPARK","SPARK only","PI16"
"scBSP","SPARK","SPARK only","PIEZO2"
"scBSP","SPARK","SPARK only","PIK3R3"
"scBSP","SPARK","SPARK only","PITX2"
"scBSP","SPARK","SPARK only","PKD1L2"
"scBSP","SPARK","SPARK only","PKIB"
"scBSP","SPARK","SPARK only","PLA2G5"
"scBSP","SPARK","SPARK only","PLCH1"
"scBSP","SPARK","SPARK only","PLCXD2"
"scBSP","SPARK","SPARK only","PLIN3"
"scBSP","SPARK","SPARK only","PLTP"
"scBSP","SPARK","SPARK only","PNMT"
"scBSP","SPARK","SPARK only","PNOC"
"scBSP","SPARK","SPARK only","POMC"
"scBSP","SPARK","SPARK only","POSTN"
"scBSP","SPARK","SPARK only","POU4F1"
"scBSP","SPARK","SPARK only","POU6F2"
"scBSP","SPARK","SPARK only","PPP1R14A"
"scBSP","SPARK","SPARK only","PPP1R17"
"scBSP","SPARK","SPARK only","PRDM12"
"scBSP","SPARK","SPARK only","PRKCG"
"scBSP","SPARK","SPARK only","PRKCQ"
"scBSP","SPARK","SPARK only","PRLHR"
"scBSP","SPARK","SPARK only","PRLR"
"scBSP","SPARK","SPARK only","PROKR1"
"scBSP","SPARK","SPARK only","PRPH"
"scBSP","SPARK","SPARK only","PRR5L"
"scBSP","SPARK","SPARK only","PRRXL1"
"scBSP","SPARK","SPARK only","PRSS12"
"scBSP","SPARK","SPARK only","PRSS23"
"scBSP","SPARK","SPARK only","PRSS35"
"scBSP","SPARK","SPARK only","PTGFR"
"scBSP","SPARK","SPARK only","PTHLH"
"scBSP","SPARK","SPARK only","PTK2B"
"scBSP","SPARK","SPARK only","PTPN3"
"scBSP","SPARK","SPARK only","PTPRK"
"scBSP","SPARK","SPARK only","PTPRZ1"
"scBSP","SPARK","SPARK only","PVALB"
"scBSP","SPARK","SPARK only","PYY"
"scBSP","SPARK","SPARK only","RAB37"
"scBSP","SPARK","SPARK only","RAMP3"
"scBSP","SPARK","SPARK only","RARRES1"
"scBSP","SPARK","SPARK only","RASD1"
"scBSP","SPARK","SPARK only","RASL10A"
"scBSP","SPARK","SPARK only","RASL11A"
"scBSP","SPARK","SPARK only","RBP4"
"scBSP","SPARK","SPARK only","RELN"
"scBSP","SPARK","SPARK only","RERG"
"scBSP","SPARK","SPARK only","RESP18"
"scBSP","SPARK","SPARK only","RET"
"scBSP","SPARK","SPARK only","RGS12"
"scBSP","SPARK","SPARK only","RGS16"
"scBSP","SPARK","SPARK only","RGS8"
"scBSP","SPARK","SPARK only","RGS9"
"scBSP","SPARK","SPARK only","RIMS4"
"scBSP","SPARK","SPARK only","RLN3"
"scBSP","SPARK","SPARK only","RNF152"
"scBSP","SPARK","SPARK only","RORA"
"scBSP","SPARK","SPARK only","RORB"
"scBSP","SPARK","SPARK only","RPP25"
"scBSP","SPARK","SPARK only","RPRM"
"scBSP","SPARK","SPARK only","RRM2"
"scBSP","SPARK","SPARK only","RSPO1"
"scBSP","SPARK","SPARK only","RSPO3"
"scBSP","SPARK","SPARK only","RUNX1"
"scBSP","SPARK","SPARK only","RXFP1"
"scBSP","SPARK","SPARK only","RXFP4"
"scBSP","SPARK","SPARK only","RXRG"
"scBSP","SPARK","SPARK only","SAG"
"scBSP","SPARK","SPARK only","SALL3"
"scBSP","SPARK","SPARK only","SAPCD2"
"scBSP","SPARK","SPARK only","SATB2"
"scBSP","SPARK","SPARK only","SCGN"
"scBSP","SPARK","SPARK only","SCN10A"
"scBSP","SPARK","SPARK only","SCN4B"
"scBSP","SPARK","SPARK only","SCN5A"
"scBSP","SPARK","SPARK only","SCUBE1"
"scBSP","SPARK","SPARK only","SEMA3A"
"scBSP","SPARK","SPARK only","SEMA3C"
"scBSP","SPARK","SPARK only","SEMA3E"
"scBSP","SPARK","SPARK only","SEMA3G"
"scBSP","SPARK","SPARK only","SEMA4D"
"scBSP","SPARK","SPARK only","SEMA5A"
"scBSP","SPARK","SPARK only","SERPINB1B"
"scBSP","SPARK","SPARK only","SERPINF1"
"scBSP","SPARK","SPARK only","SFRP2"
"scBSP","SPARK","SPARK only","SHOX2"
"scBSP","SPARK","SPARK only","SIM1"
"scBSP","SPARK","SPARK only","SIX3"
"scBSP","SPARK","SPARK only","SIX6"
"scBSP","SPARK","SPARK only","SKOR1"
"scBSP","SPARK","SPARK only","SLA"
"scBSP","SPARK","SPARK only","SLA2"
"scBSP","SPARK","SPARK only","SLC13A3"
"scBSP","SPARK","SPARK only","SLC17A6"
"scBSP","SPARK","SPARK only","SLC17A7"
"scBSP","SPARK","SPARK only","SLC17A8"
"scBSP","SPARK","SPARK only","SLC18A2"
"scBSP","SPARK","SPARK only","SLC18A3"
"scBSP","SPARK","SPARK only","SLC1A3"
"scBSP","SPARK","SPARK only","SLC22A4"
"scBSP","SPARK","SPARK only","SLC24A2"
"scBSP","SPARK","SPARK only","SLC30A3"
"scBSP","SPARK","SPARK only","SLC34A2"
"scBSP","SPARK","SPARK only","SLC5A7"
"scBSP","SPARK","SPARK only","SLC6A2"
"scBSP","SPARK","SPARK only","SLC6A3"
"scBSP","SPARK","SPARK only","SLC6A4"
"scBSP","SPARK","SPARK only","SLC6A5"
"scBSP","SPARK","SPARK only","SLC7A10"
"scBSP","SPARK","SPARK only","SLCO3A1"
"scBSP","SPARK","SPARK only","SMIM17"
"scBSP","SPARK","SPARK only","SMOC1"
"scBSP","SPARK","SPARK only","SNTB1"
"scBSP","SPARK","SPARK only","SOCS3"
"scBSP","SPARK","SPARK only","SORCS1"
"scBSP","SPARK","SPARK only","SOST"
"scBSP","SPARK","SPARK only","SOSTDC1"
"scBSP","SPARK","SPARK only","SOX11"
"scBSP","SPARK","SPARK only","SOX14"
"scBSP","SPARK","SPARK only","SOX4"
"scBSP","SPARK","SPARK only","SP9"
"scBSP","SPARK","SPARK only","SPDEF"
"scBSP","SPARK","SPARK only","SPHKAP"
"scBSP","SPARK","SPARK only","SPON1"
"scBSP","SPARK","SPARK only","SPON2"
"scBSP","SPARK","SPARK only","SST"
"scBSP","SPARK","SPARK only","SSTR2"
"scBSP","SPARK","SPARK only","ST18"
"scBSP","SPARK","SPARK only","ST8SIA4"
"scBSP","SPARK","SPARK only","ST8SIA6"
"scBSP","SPARK","SPARK only","STAC2"
"scBSP","SPARK","SPARK only","STARD8"
"scBSP","SPARK","SPARK only","STEAP2"
"scBSP","SPARK","SPARK only","STK32B"
"scBSP","SPARK","SPARK only","SULF1"
"scBSP","SPARK","SPARK only","SULF2"
"scBSP","SPARK","SPARK only","SV2C"
"scBSP","SPARK","SPARK only","SYNPO2"
"scBSP","SPARK","SPARK only","SYNPR"
"scBSP","SPARK","SPARK only","SYT15"
"scBSP","SPARK","SPARK only","SYT2"
"scBSP","SPARK","SPARK only","SYT6"
"scBSP","SPARK","SPARK only","TAC2"
"scBSP","SPARK","SPARK only","TACR1"
"scBSP","SPARK","SPARK only","TACR3"
"scBSP","SPARK","SPARK only","TAGLN"
"scBSP","SPARK","SPARK only","TBR1"
"scBSP","SPARK","SPARK only","TBX18"
"scBSP","SPARK","SPARK only","TBXA2R"
"scBSP","SPARK","SPARK only","TCAP"
"scBSP","SPARK","SPARK only","TCF4"
"scBSP","SPARK","SPARK only","TCF7L2"
"scBSP","SPARK","SPARK only","TEK"
"scBSP","SPARK","SPARK only","TEKT5"
"scBSP","SPARK","SPARK only","TFAP2C"
"scBSP","SPARK","SPARK only","TFAP2D"
"scBSP","SPARK","SPARK only","TGFB2"
"scBSP","SPARK","SPARK only","TH"
"scBSP","SPARK","SPARK only","THBD"
"scBSP","SPARK","SPARK only","THRSP"
"scBSP","SPARK","SPARK only","TIAM1"
"scBSP","SPARK","SPARK only","TIAM2"
"scBSP","SPARK","SPARK only","TM4SF4"
"scBSP","SPARK","SPARK only","TMC3"
"scBSP","SPARK","SPARK only","TMEM114"
"scBSP","SPARK","SPARK only","TMEM132C"
"scBSP","SPARK","SPARK only","TMEM141"
"scBSP","SPARK","SPARK only","TMEM215"
"scBSP","SPARK","SPARK only","TMEM233"
"scBSP","SPARK","SPARK only","TMEM255A"
"scBSP","SPARK","SPARK only","TMEM255B"
"scBSP","SPARK","SPARK only","TMEM72"
"scBSP","SPARK","SPARK only","TMEM88B"
"scBSP","SPARK","SPARK only","TNNC1"
"scBSP","SPARK","SPARK only","TNNI3"
"scBSP","SPARK","SPARK only","TNNT3"
"scBSP","SPARK","SPARK only","TNR"
"scBSP","SPARK","SPARK only","TOP2A"
"scBSP","SPARK","SPARK only","TOX"
"scBSP","SPARK","SPARK only","TPBG"
"scBSP","SPARK","SPARK only","TPD52L1"
"scBSP","SPARK","SPARK only","TRAF3IP3"
"scBSP","SPARK","SPARK only","TRAPPC3L"
"scBSP","SPARK","SPARK only","TRH"
"scBSP","SPARK","SPARK only","TRHR"
"scBSP","SPARK","SPARK only","TRIM54"
"scBSP","SPARK","SPARK only","TRIM66"
"scBSP","SPARK","SPARK only","TTR"
"scBSP","SPARK","SPARK only","TTYH1"
"scBSP","SPARK","SPARK only","TUBGCP2"
"scBSP","SPARK","SPARK only","UCN"
"scBSP","SPARK","SPARK only","UGT8A"
"scBSP","SPARK","SPARK only","UTS2B"
"scBSP","SPARK","SPARK only","VEGFA"
"scBSP","SPARK","SPARK only","VGLL3"
"scBSP","SPARK","SPARK only","VIM"
"scBSP","SPARK","SPARK only","VIP"
"scBSP","SPARK","SPARK only","VIPR1"
"scBSP","SPARK","SPARK only","VSIG8"
"scBSP","SPARK","SPARK only","VTN"
"scBSP","SPARK","SPARK only","VWC2L"
"scBSP","SPARK","SPARK only","VWF"
"scBSP","SPARK","SPARK only","WFDC12"
"scBSP","SPARK","SPARK only","WFDC18"
"scBSP","SPARK","SPARK only","WFDC2"
"scBSP","SPARK","SPARK only","WFS1"
"scBSP","SPARK","SPARK only","WHRN"
"scBSP","SPARK","SPARK only","WIF1"
"scBSP","SPARK","SPARK only","YJEFN3"
"scBSP","SPARK","SPARK only","ZBTB20"
"scBSP","SPARK","SPARK only","ZFHX4"
"scBSP","SPARK","SPARK only","ZIC1"
"scBSP","SPARK","SPARK only","ZMYM1"
"scBSP","SPARK-X","Overlap","ADCYAP1"
"scBSP","SPARK-X","Overlap","ADCYAP1R1"
"scBSP","SPARK-X","Overlap","ALCAM"
"scBSP","SPARK-X","Overlap","APOD"
"scBSP","SPARK-X","Overlap","ASS1"
"scBSP","SPARK-X","Overlap","BAIAP3"
"scBSP","SPARK-X","Overlap","CACNA2D1"
"scBSP","SPARK-X","Overlap","CACNA2D2"
"scBSP","SPARK-X","Overlap","CADM1"
"scBSP","SPARK-X","Overlap","CALB2"
"scBSP","SPARK-X","Overlap","CALCR"
"scBSP","SPARK-X","Overlap","CAMK2D"
"scBSP","SPARK-X","Overlap","CAR2"
"scBSP","SPARK-X","Overlap","CARTPT"
"scBSP","SPARK-X","Overlap","CBLN1"
"scBSP","SPARK-X","Overlap","CBLN2"
"scBSP","SPARK-X","Overlap","CLDN11"
"scBSP","SPARK-X","Overlap","CLU"
"scBSP","SPARK-X","Overlap","CPNE6"
"scBSP","SPARK-X","Overlap","CST3"
"scBSP","SPARK-X","Overlap","CXCL14"
"scBSP","SPARK-X","Overlap","DBPHT2"
"scBSP","SPARK-X","Overlap","DKK3"
"scBSP","SPARK-X","Overlap","DLK1"
"scBSP","SPARK-X","Overlap","EBF3"
"scBSP","SPARK-X","Overlap","GABBR1"
"scBSP","SPARK-X","Overlap","GABBR2"
"scBSP","SPARK-X","Overlap","GAD2"
"scBSP","SPARK-X","Overlap","GFAP"
"scBSP","SPARK-X","Overlap","GJA1"
"scBSP","SPARK-X","Overlap","GPRASP2"
"scBSP","SPARK-X","Overlap","GPSM1"
"scBSP","SPARK-X","Overlap","GRM5"
"scBSP","SPARK-X","Overlap","GRM7"
"scBSP","SPARK-X","Overlap","HAP1"
"scBSP","SPARK-X","Overlap","HCRT"
"scBSP","SPARK-X","Overlap","HPCAL1"
"scBSP","SPARK-X","Overlap","HPCAL4"
"scBSP","SPARK-X","Overlap","HTRA1"
"scBSP","SPARK-X","Overlap","IGSF8"
"scBSP","SPARK-X","Overlap","ITIH3"
"scBSP","SPARK-X","Overlap","KLHL1"
"scBSP","SPARK-X","Overlap","LMO3"
"scBSP","SPARK-X","Overlap","LSAMP"
"scBSP","SPARK-X","Overlap","LYPD1"
"scBSP","SPARK-X","Overlap","MBP"
"scBSP","SPARK-X","Overlap","MDGA1"
"scBSP","SPARK-X","Overlap","MEIS2"
"scBSP","SPARK-X","Overlap","MOG"
"scBSP","SPARK-X","Overlap","NEFM"
"scBSP","SPARK-X","Overlap","NPTX1"
"scBSP","SPARK-X","Overlap","NRGN"
"scBSP","SPARK-X","Overlap","NTSR2"
"scBSP","SPARK-X","Overlap","OLFM2"
"scBSP","SPARK-X","Overlap","OPRL1"
"scBSP","SPARK-X","Overlap","PARM1"
"scBSP","SPARK-X","Overlap","PCP4"
"scBSP","SPARK-X","Overlap","PEG10"
"scBSP","SPARK-X","Overlap","PENK"
"scBSP","SPARK-X","Overlap","PMCH"
"scBSP","SPARK-X","Overlap","PPP1R1B"
"scBSP","SPARK-X","Overlap","PPP2R2B"
"scBSP","SPARK-X","Overlap","PRKCD"
"scBSP","SPARK-X","Overlap","PROX1"
"scBSP","SPARK-X","Overlap","PTGDS"
"scBSP","SPARK-X","Overlap","RAB3B"
"scBSP","SPARK-X","Overlap","RGS4"
"scBSP","SPARK-X","Overlap","RPS24"
"scBSP","SPARK-X","Overlap","SATB1"
"scBSP","SPARK-X","Overlap","SEZ6"
"scBSP","SPARK-X","Overlap","SLC32A1"
"scBSP","SPARK-X","Overlap","SLC6A11"
"scBSP","SPARK-X","Overlap","SNCG"
"scBSP","SPARK-X","Overlap","SPARC"
"scBSP","SPARK-X","Overlap","STMN2"
"scBSP","SPARK-X","Overlap","SUMO2"
"scBSP","SPARK-X","Overlap","TAC1"
"scBSP","SPARK-X","Overlap","TMEM163"
"scBSP","SPARK-X","Overlap","TMSB4X"
"scBSP","SPARK-X","Overlap","TRF"
"scBSP","SPARK-X","Overlap","TSHZ2"
"scBSP","SPARK-X","Overlap","VAMP1"
"scBSP","SPARK-X","SPARK-X only","ADORA1"
"scBSP","SPARK-X","SPARK-X only","ADORA2A"
"scBSP","SPARK-X","SPARK-X only","ADRB1"
"scBSP","SPARK-X","SPARK-X only","AJAP1"
"scBSP","SPARK-X","SPARK-X only","ANXA1"
"scBSP","SPARK-X","SPARK-X only","ANXA11"
"scBSP","SPARK-X","SPARK-X only","APLN"
"scBSP","SPARK-X","SPARK-X only","ARAP2"
"scBSP","SPARK-X","SPARK-X only","ARHGAP36"
"scBSP","SPARK-X","SPARK-X only","ARHGAP6"
"scBSP","SPARK-X","SPARK-X only","ASB4"
"scBSP","SPARK-X","SPARK-X only","ASIC3"
"scBSP","SPARK-X","SPARK-X only","ATP2B4"
"scBSP","SPARK-X","SPARK-X only","AVP"
"scBSP","SPARK-X","SPARK-X only","B3GAT2"
"scBSP","SPARK-X","SPARK-X only","BARHL1"
"scBSP","SPARK-X","SPARK-X only","BCL11B"
"scBSP","SPARK-X","SPARK-X only","BDNF"
"scBSP","SPARK-X","SPARK-X only","C1QL2"
"scBSP","SPARK-X","SPARK-X only","C1QL3"
"scBSP","SPARK-X","SPARK-X only","C4B"
"scBSP","SPARK-X","SPARK-X only","CABP7"
"scBSP","SPARK-X","SPARK-X only","CACNG4"
"scBSP","SPARK-X","SPARK-X only","CADM2"
"scBSP","SPARK-X","SPARK-X only","CALB1"
"scBSP","SPARK-X","SPARK-X only","CALCRL"
"scBSP","SPARK-X","SPARK-X only","CAR10"
"scBSP","SPARK-X","SPARK-X only","CAR4"
"scBSP","SPARK-X","SPARK-X only","CAR8"
"scBSP","SPARK-X","SPARK-X only","CARD10"
"scBSP","SPARK-X","SPARK-X only","CASP4"
"scBSP","SPARK-X","SPARK-X only","CBLN3"
"scBSP","SPARK-X","SPARK-X only","CBLN4"
"scBSP","SPARK-X","SPARK-X only","CCK"
"scBSP","SPARK-X","SPARK-X only","CCKAR"
"scBSP","SPARK-X","SPARK-X only","CCL24"
"scBSP","SPARK-X","SPARK-X only","CCL3"
"scBSP","SPARK-X","SPARK-X only","CCNE1"
"scBSP","SPARK-X","SPARK-X only","CCP110"
"scBSP","SPARK-X","SPARK-X only","CCSAP"
"scBSP","SPARK-X","SPARK-X only","CD74"
"scBSP","SPARK-X","SPARK-X only","CDH13"
"scBSP","SPARK-X","SPARK-X only","CDH7"
"scBSP","SPARK-X","SPARK-X only","CENPF"
"scBSP","SPARK-X","SPARK-X only","CHODL"
"scBSP","SPARK-X","SPARK-X only","CHRM1"
"scBSP","SPARK-X","SPARK-X only","CHRM2"
"scBSP","SPARK-X","SPARK-X only","CHRM3"
"scBSP","SPARK-X","SPARK-X only","CHRM4"
"scBSP","SPARK-X","SPARK-X only","CHRM5"
"scBSP","SPARK-X","SPARK-X only","CITED1"
"scBSP","SPARK-X","SPARK-X only","CLDN10"
"scBSP","SPARK-X","SPARK-X only","CLEC2L"
"scBSP","SPARK-X","SPARK-X only","CLIC6"
"scBSP","SPARK-X","SPARK-X only","CNTNAP3"
"scBSP","SPARK-X","SPARK-X only","COCH"
"scBSP","SPARK-X","SPARK-X only","COL15A1"
"scBSP","SPARK-X","SPARK-X only","COL18A1"
"scBSP","SPARK-X","SPARK-X only","COL25A1"
"scBSP","SPARK-X","SPARK-X only","COL6A1"
"scBSP","SPARK-X","SPARK-X only","CPA6"
"scBSP","SPARK-X","SPARK-X only","CPLX3"
"scBSP","SPARK-X","SPARK-X only","CPNE4"
"scBSP","SPARK-X","SPARK-X only","CPNE5"
"scBSP","SPARK-X","SPARK-X only","CREB3L1"
"scBSP","SPARK-X","SPARK-X only","CRH"
"scBSP","SPARK-X","SPARK-X only","CRIM1"
"scBSP","SPARK-X","SPARK-X only","CRYM"
"scBSP","SPARK-X","SPARK-X only","CSPG5"
"scBSP","SPARK-X","SPARK-X only","CSRP2"
"scBSP","SPARK-X","SPARK-X only","CTPS"
"scBSP","SPARK-X","SPARK-X only","CTSC"
"scBSP","SPARK-X","SPARK-X only","CTSS"
"scBSP","SPARK-X","SPARK-X only","CUX2"
"scBSP","SPARK-X","SPARK-X only","CXCL2"
"scBSP","SPARK-X","SPARK-X only","CYP26B1"
"scBSP","SPARK-X","SPARK-X only","CYP2S1"
"scBSP","SPARK-X","SPARK-X only","CYTH3"
"scBSP","SPARK-X","SPARK-X only","DAD1"
"scBSP","SPARK-X","SPARK-X only","DCLK3"
"scBSP","SPARK-X","SPARK-X only","DCN"
"scBSP","SPARK-X","SPARK-X only","DDIT4L"
"scBSP","SPARK-X","SPARK-X only","DEPTOR"
"scBSP","SPARK-X","SPARK-X only","DGKK"
"scBSP","SPARK-X","SPARK-X only","DPY19L1"
"scBSP","SPARK-X","SPARK-X only","DRD1"
"scBSP","SPARK-X","SPARK-X only","DRD5"
"scBSP","SPARK-X","SPARK-X only","EBF2"
"scBSP","SPARK-X","SPARK-X only","ECEL1"
"scBSP","SPARK-X","SPARK-X only","EFHD2"
"scBSP","SPARK-X","SPARK-X only","EGLN3"
"scBSP","SPARK-X","SPARK-X only","ELFN1"
"scBSP","SPARK-X","SPARK-X only","EMX2"
"scBSP","SPARK-X","SPARK-X only","ENPP6"
"scBSP","SPARK-X","SPARK-X only","EOMES"
"scBSP","SPARK-X","SPARK-X only","EPHA7"
"scBSP","SPARK-X","SPARK-X only","ESRRG"
"scBSP","SPARK-X","SPARK-X only","ETV1"
"scBSP","SPARK-X","SPARK-X only","FABP7"
"scBSP","SPARK-X","SPARK-X only","FAM107A"
"scBSP","SPARK-X","SPARK-X only","FAM181B"
"scBSP","SPARK-X","SPARK-X only","FAM183B"
"scBSP","SPARK-X","SPARK-X only","FAM184A"
"scBSP","SPARK-X","SPARK-X only","FAM214A"
"scBSP","SPARK-X","SPARK-X only","FBLN5"
"scBSP","SPARK-X","SPARK-X only","FEZF1"
"scBSP","SPARK-X","SPARK-X only","FEZF2"
"scBSP","SPARK-X","SPARK-X only","FGF10"
"scBSP","SPARK-X","SPARK-X only","FGFR3"
"scBSP","SPARK-X","SPARK-X only","FIBCD1"
"scBSP","SPARK-X","SPARK-X only","FIGN"
"scBSP","SPARK-X","SPARK-X only","FJX1"
"scBSP","SPARK-X","SPARK-X only","FN1"
"scBSP","SPARK-X","SPARK-X only","FOXP2"
"scBSP","SPARK-X","SPARK-X only","FRZB"
"scBSP","SPARK-X","SPARK-X only","GABRA5"
"scBSP","SPARK-X","SPARK-X only","GABRQ"
"scBSP","SPARK-X","SPARK-X only","GAD1"
"scBSP","SPARK-X","SPARK-X only","GAL"
"scBSP","SPARK-X","SPARK-X only","GALNTL6"
"scBSP","SPARK-X","SPARK-X only","GALR1"
"scBSP","SPARK-X","SPARK-X only","GALR2"
"scBSP","SPARK-X","SPARK-X only","GATA3"
"scBSP","SPARK-X","SPARK-X only","GBX1"
"scBSP","SPARK-X","SPARK-X only","GBX2"
"scBSP","SPARK-X","SPARK-X only","GCHFR"
"scBSP","SPARK-X","SPARK-X only","GFRA1"
"scBSP","SPARK-X","SPARK-X only","GFRA2"
"scBSP","SPARK-X","SPARK-X only","GHRH"
"scBSP","SPARK-X","SPARK-X only","GHSR"
"scBSP","SPARK-X","SPARK-X only","GLDC"
"scBSP","SPARK-X","SPARK-X only","GLRA1"
"scBSP","SPARK-X","SPARK-X only","GLRA3"
"scBSP","SPARK-X","SPARK-X only","GM5741"
"scBSP","SPARK-X","SPARK-X only","GNA14"
"scBSP","SPARK-X","SPARK-X only","GNG4"
"scBSP","SPARK-X","SPARK-X only","GNG8"
"scBSP","SPARK-X","SPARK-X only","GPR101"
"scBSP","SPARK-X","SPARK-X only","GPR119"
"scBSP","SPARK-X","SPARK-X only","GPR139"
"scBSP","SPARK-X","SPARK-X only","GPR34"
"scBSP","SPARK-X","SPARK-X only","GPR88"
"scBSP","SPARK-X","SPARK-X only","GPX3"
"scBSP","SPARK-X","SPARK-X only","GRIK1"
"scBSP","SPARK-X","SPARK-X only","GRIK3"
"scBSP","SPARK-X","SPARK-X only","GRM1"
"scBSP","SPARK-X","SPARK-X only","GRM2"
"scBSP","SPARK-X","SPARK-X only","GRM3"
"scBSP","SPARK-X","SPARK-X only","GRM4"
"scBSP","SPARK-X","SPARK-X only","GRM8"
"scBSP","SPARK-X","SPARK-X only","H2-AB1"
"scBSP","SPARK-X","SPARK-X only","HAPLN1"
"scBSP","SPARK-X","SPARK-X only","HCRTR1"
"scBSP","SPARK-X","SPARK-X only","HDC"
"scBSP","SPARK-X","SPARK-X only","HDHD3"
"scBSP","SPARK-X","SPARK-X only","HHIP"
"scBSP","SPARK-X","SPARK-X only","HOPX"
"scBSP","SPARK-X","SPARK-X only","HOXA7"
"scBSP","SPARK-X","SPARK-X only","HOXC5"
"scBSP","SPARK-X","SPARK-X only","HRH3"
"scBSP","SPARK-X","SPARK-X only","HS3ST2"
"scBSP","SPARK-X","SPARK-X only","HS6ST2"
"scBSP","SPARK-X","SPARK-X only","HTR1A"
"scBSP","SPARK-X","SPARK-X only","HTR1B"
"scBSP","SPARK-X","SPARK-X only","HTR1F"
"scBSP","SPARK-X","SPARK-X only","HTR2A"
"scBSP","SPARK-X","SPARK-X only","HTR2C"
"scBSP","SPARK-X","SPARK-X only","HTR5B"
"scBSP","SPARK-X","SPARK-X only","ID4"
"scBSP","SPARK-X","SPARK-X only","IFITM1"
"scBSP","SPARK-X","SPARK-X only","IGFBP2"
"scBSP","SPARK-X","SPARK-X only","IGFBP4"
"scBSP","SPARK-X","SPARK-X only","IGFBP6"
"scBSP","SPARK-X","SPARK-X only","IGSF1"
"scBSP","SPARK-X","SPARK-X only","IL1R1"
"scBSP","SPARK-X","SPARK-X only","IL1RAPL2"
"scBSP","SPARK-X","SPARK-X only","IL33"
"scBSP","SPARK-X","SPARK-X only","INHBA"
"scBSP","SPARK-X","SPARK-X only","INPP5J"
"scBSP","SPARK-X","SPARK-X only","IRS4"
"scBSP","SPARK-X","SPARK-X only","IRX2"
"scBSP","SPARK-X","SPARK-X only","IRX6"
"scBSP","SPARK-X","SPARK-X only","KCNAB1"
"scBSP","SPARK-X","SPARK-X only","KCNAB3"
"scBSP","SPARK-X","SPARK-X only","KCNC3"
"scBSP","SPARK-X","SPARK-X only","KCND3"
"scBSP","SPARK-X","SPARK-X only","KCNG1"
"scBSP","SPARK-X","SPARK-X only","KCNS1"
"scBSP","SPARK-X","SPARK-X only","KCTD12"
"scBSP","SPARK-X","SPARK-X only","KIF5B"
"scBSP","SPARK-X","SPARK-X only","KITL"
"scBSP","SPARK-X","SPARK-X only","KRT15"
"scBSP","SPARK-X","SPARK-X only","KRT27"
"scBSP","SPARK-X","SPARK-X only","KRT73"
"scBSP","SPARK-X","SPARK-X only","LAMP5"
"scBSP","SPARK-X","SPARK-X only","LEF1"
"scBSP","SPARK-X","SPARK-X only","LGI2"
"scBSP","SPARK-X","SPARK-X only","LHX1"
"scBSP","SPARK-X","SPARK-X only","LHX6"
"scBSP","SPARK-X","SPARK-X only","LHX9"
"scBSP","SPARK-X","SPARK-X only","LIMS2"
"scBSP","SPARK-X","SPARK-X only","LINGO4"
"scBSP","SPARK-X","SPARK-X only","LMO1"
"scBSP","SPARK-X","SPARK-X only","LMX1A"
"scBSP","SPARK-X","SPARK-X only","LPL"
"scBSP","SPARK-X","SPARK-X only","LRPPRC"
"scBSP","SPARK-X","SPARK-X only","LRRC55"
"scBSP","SPARK-X","SPARK-X only","LTK"
"scBSP","SPARK-X","SPARK-X only","LY6G6E"
"scBSP","SPARK-X","SPARK-X only","LYPD6"
"scBSP","SPARK-X","SPARK-X only","LYPD6B"
"scBSP","SPARK-X","SPARK-X only","MAN1A"
"scBSP","SPARK-X","SPARK-X only","MAOB"
"scBSP","SPARK-X","SPARK-X only","MAP3K7CL"
"scBSP","SPARK-X","SPARK-X only","MATN2"
"scBSP","SPARK-X","SPARK-X only","MC1R"
"scBSP","SPARK-X","SPARK-X only","MFGE8"
"scBSP","SPARK-X","SPARK-X only","MLC1"
"scBSP","SPARK-X","SPARK-X only","MLF1"
"scBSP","SPARK-X","SPARK-X only","MOXD1"
"scBSP","SPARK-X","SPARK-X only","MRAP2"
"scBSP","SPARK-X","SPARK-X only","MYOC"
"scBSP","SPARK-X","SPARK-X only","NDNF"
"scBSP","SPARK-X","SPARK-X only","NDRG2"
"scBSP","SPARK-X","SPARK-X only","NDST4"
"scBSP","SPARK-X","SPARK-X only","NEFH"
"scBSP","SPARK-X","SPARK-X only","NELL1"
"scBSP","SPARK-X","SPARK-X only","NEUROD1"
"scBSP","SPARK-X","SPARK-X only","NEUROD2"
"scBSP","SPARK-X","SPARK-X only","NEUROD6"
"scBSP","SPARK-X","SPARK-X only","NFATC2"
"scBSP","SPARK-X","SPARK-X only","NGB"
"scBSP","SPARK-X","SPARK-X only","NHLH2"
"scBSP","SPARK-X","SPARK-X only","NINJ2"
"scBSP","SPARK-X","SPARK-X only","NKX2-1"
"scBSP","SPARK-X","SPARK-X only","NMB"
"scBSP","SPARK-X","SPARK-X only","NOG"
"scBSP","SPARK-X","SPARK-X only","NOS1"
"scBSP","SPARK-X","SPARK-X only","NOTUM"
"scBSP","SPARK-X","SPARK-X only","NOV"
"scBSP","SPARK-X","SPARK-X only","NPAS1"
"scBSP","SPARK-X","SPARK-X only","NPNT"
"scBSP","SPARK-X","SPARK-X only","NPPA"
"scBSP","SPARK-X","SPARK-X only","NPPC"
"scBSP","SPARK-X","SPARK-X only","NPTX2"
"scBSP","SPARK-X","SPARK-X only","NPW"
"scBSP","SPARK-X","SPARK-X only","NPY"
"scBSP","SPARK-X","SPARK-X only","NPY2R"
"scBSP","SPARK-X","SPARK-X only","NR2F2"
"scBSP","SPARK-X","SPARK-X only","NR3C2"
"scBSP","SPARK-X","SPARK-X only","NR4A2"
"scBSP","SPARK-X","SPARK-X only","NR4A3"
"scBSP","SPARK-X","SPARK-X only","NREP"
"scBSP","SPARK-X","SPARK-X only","NRIP3"
"scBSP","SPARK-X","SPARK-X only","NRP2"
"scBSP","SPARK-X","SPARK-X only","NTNG1"
"scBSP","SPARK-X","SPARK-X only","NTS"
"scBSP","SPARK-X","SPARK-X only","NTSR1"
"scBSP","SPARK-X","SPARK-X only","NWD2"
"scBSP","SPARK-X","SPARK-X only","NXPH1"
"scBSP","SPARK-X","SPARK-X only","NXPH4"
"scBSP","SPARK-X","SPARK-X only","NYAP2"
"scBSP","SPARK-X","SPARK-X only","OLFML2A"
"scBSP","SPARK-X","SPARK-X only","OMP"
"scBSP","SPARK-X","SPARK-X only","ONECUT2"
"scBSP","SPARK-X","SPARK-X only","OPALIN"
"scBSP","SPARK-X","SPARK-X only","OSCP1"
"scBSP","SPARK-X","SPARK-X only","OTOF"
"scBSP","SPARK-X","SPARK-X only","OTP"
"scBSP","SPARK-X","SPARK-X only","OTX2"
"scBSP","SPARK-X","SPARK-X only","OXTR"
"scBSP","SPARK-X","SPARK-X only","PAX6"
"scBSP","SPARK-X","SPARK-X only","PAX7"
"scBSP","SPARK-X","SPARK-X only","PBX3"
"scBSP","SPARK-X","SPARK-X only","PCDH11X"
"scBSP","SPARK-X","SPARK-X only","PCDH20"
"scBSP","SPARK-X","SPARK-X only","PDCD4"
"scBSP","SPARK-X","SPARK-X only","PDE11A"
"scBSP","SPARK-X","SPARK-X only","PDE1A"
"scBSP","SPARK-X","SPARK-X only","PDE1C"
"scBSP","SPARK-X","SPARK-X only","PDGFA"
"scBSP","SPARK-X","SPARK-X only","PDGFRA"
"scBSP","SPARK-X","SPARK-X only","PDYN"
"scBSP","SPARK-X","SPARK-X only","PGLYRP1"
"scBSP","SPARK-X","SPARK-X only","PGR"
"scBSP","SPARK-X","SPARK-X only","PGR15L"
"scBSP","SPARK-X","SPARK-X only","PHLDA1"
"scBSP","SPARK-X","SPARK-X only","PHOX2A"
"scBSP","SPARK-X","SPARK-X only","PHOX2B"
"scBSP","SPARK-X","SPARK-X only","PIEZO2"
"scBSP","SPARK-X","SPARK-X only","PIK3R3"
"scBSP","SPARK-X","SPARK-X only","PITX2"
"scBSP","SPARK-X","SPARK-X only","PLCH1"
"scBSP","SPARK-X","SPARK-X only","PLCXD2"
"scBSP","SPARK-X","SPARK-X only","PLTP"
"scBSP","SPARK-X","SPARK-X only","PNOC"
"scBSP","SPARK-X","SPARK-X only","POMC"
"scBSP","SPARK-X","SPARK-X only","POSTN"
"scBSP","SPARK-X","SPARK-X only","POU4F1"
"scBSP","SPARK-X","SPARK-X only","POU6F2"
"scBSP","SPARK-X","SPARK-X only","PPP1R14A"
"scBSP","SPARK-X","SPARK-X only","PPP1R17"
"scBSP","SPARK-X","SPARK-X only","PRDM12"
"scBSP","SPARK-X","SPARK-X only","PRKCG"
"scBSP","SPARK-X","SPARK-X only","PRLR"
"scBSP","SPARK-X","SPARK-X only","PRPH"
"scBSP","SPARK-X","SPARK-X only","PRR5L"
"scBSP","SPARK-X","SPARK-X only","PRRXL1"
"scBSP","SPARK-X","SPARK-X only","PRSS12"
"scBSP","SPARK-X","SPARK-X only","PRSS23"
"scBSP","SPARK-X","SPARK-X only","PTK2B"
"scBSP","SPARK-X","SPARK-X only","PTPRK"
"scBSP","SPARK-X","SPARK-X only","PTPRZ1"
"scBSP","SPARK-X","SPARK-X only","PVALB"
"scBSP","SPARK-X","SPARK-X only","RASD1"
"scBSP","SPARK-X","SPARK-X only","RBP4"
"scBSP","SPARK-X","SPARK-X only","RELL1"
"scBSP","SPARK-X","SPARK-X only","RELN"
"scBSP","SPARK-X","SPARK-X only","RERG"
"scBSP","SPARK-X","SPARK-X only","RESP18"
"scBSP","SPARK-X","SPARK-X only","RGS8"
"scBSP","SPARK-X","SPARK-X only","RGS9"
"scBSP","SPARK-X","SPARK-X only","RIMS4"
"scBSP","SPARK-X","SPARK-X only","RLN3"
"scBSP","SPARK-X","SPARK-X only","RORA"
"scBSP","SPARK-X","SPARK-X only","RORB"
"scBSP","SPARK-X","SPARK-X only","RPP25"
"scBSP","SPARK-X","SPARK-X only","RPRM"
"scBSP","SPARK-X","SPARK-X only","RSPO1"
"scBSP","SPARK-X","SPARK-X only","RXFP4"
"scBSP","SPARK-X","SPARK-X only","RXRG"
"scBSP","SPARK-X","SPARK-X only","S1PR1"
"scBSP","SPARK-X","SPARK-X only","SAPCD2"
"scBSP","SPARK-X","SPARK-X only","SATB2"
"scBSP","SPARK-X","SPARK-X only","SCN4B"
"scBSP","SPARK-X","SPARK-X only","SCN5A"
"scBSP","SPARK-X","SPARK-X only","SEMA3A"
"scBSP","SPARK-X","SPARK-X only","SEMA3E"
"scBSP","SPARK-X","SPARK-X only","SEMA4D"
"scBSP","SPARK-X","SPARK-X only","SEMA5A"
"scBSP","SPARK-X","SPARK-X only","SERPINF1"
"scBSP","SPARK-X","SPARK-X only","SIM1"
"scBSP","SPARK-X","SPARK-X only","SIX3"
"scBSP","SPARK-X","SPARK-X only","SKOR1"
"scBSP","SPARK-X","SPARK-X only","SLC17A6"
"scBSP","SPARK-X","SPARK-X only","SLC17A7"
"scBSP","SPARK-X","SPARK-X only","SLC17A8"
"scBSP","SPARK-X","SPARK-X only","SLC1A3"
"scBSP","SPARK-X","SPARK-X only","SLC24A2"
"scBSP","SPARK-X","SPARK-X only","SLC30A3"
"scBSP","SPARK-X","SPARK-X only","SLC7A10"
"scBSP","SPARK-X","SPARK-X only","SLCO3A1"
"scBSP","SPARK-X","SPARK-X only","SMIM17"
"scBSP","SPARK-X","SPARK-X only","SMOC1"
"scBSP","SPARK-X","SPARK-X only","SNTB1"
"scBSP","SPARK-X","SPARK-X only","SORCS1"
"scBSP","SPARK-X","SPARK-X only","SOST"
"scBSP","SPARK-X","SPARK-X only","SOSTDC1"
"scBSP","SPARK-X","SPARK-X only","SOX4"
"scBSP","SPARK-X","SPARK-X only","SP9"
"scBSP","SPARK-X","SPARK-X only","SPHKAP"
"scBSP","SPARK-X","SPARK-X only","SPON1"
"scBSP","SPARK-X","SPARK-X only","SST"
"scBSP","SPARK-X","SPARK-X only","ST18"
"scBSP","SPARK-X","SPARK-X only","ST8SIA6"
"scBSP","SPARK-X","SPARK-X only","STEAP2"
"scBSP","SPARK-X","SPARK-X only","STK32B"
"scBSP","SPARK-X","SPARK-X only","SULF1"
"scBSP","SPARK-X","SPARK-X only","SULF2"
"scBSP","SPARK-X","SPARK-X only","SV2C"
"scBSP","SPARK-X","SPARK-X only","SYNPO2"
"scBSP","SPARK-X","SPARK-X only","SYNPR"
"scBSP","SPARK-X","SPARK-X only","SYT15"
"scBSP","SPARK-X","SPARK-X only","SYT2"
"scBSP","SPARK-X","SPARK-X only","SYT6"
"scBSP","SPARK-X","SPARK-X only","TAC2"
"scBSP","SPARK-X","SPARK-X only","TBR1"
"scBSP","SPARK-X","SPARK-X only","TCAP"
"scBSP","SPARK-X","SPARK-X only","TCF4"
"scBSP","SPARK-X","SPARK-X only","TCF7L2"
"scBSP","SPARK-X","SPARK-X only","TEKT5"
"scBSP","SPARK-X","SPARK-X only","TFAP2B"
"scBSP","SPARK-X","SPARK-X only","TFAP2C"
"scBSP","SPARK-X","SPARK-X only","TH"
"scBSP","SPARK-X","SPARK-X only","THRSP"
"scBSP","SPARK-X","SPARK-X only","TIAM1"
"scBSP","SPARK-X","SPARK-X only","TIMP4"
"scBSP","SPARK-X","SPARK-X only","TMEM132C"
"scBSP","SPARK-X","SPARK-X only","TMEM215"
"scBSP","SPARK-X","SPARK-X only","TMEM233"
"scBSP","SPARK-X","SPARK-X only","TMEM255A"
"scBSP","SPARK-X","SPARK-X only","TMEM88B"
"scBSP","SPARK-X","SPARK-X only","TNNT1"
"scBSP","SPARK-X","SPARK-X only","TNR"
"scBSP","SPARK-X","SPARK-X only","TOX"
"scBSP","SPARK-X","SPARK-X only","TPBG"
"scBSP","SPARK-X","SPARK-X only","TRAF3IP3"
"scBSP","SPARK-X","SPARK-X only","TRAPPC3L"
"scBSP","SPARK-X","SPARK-X only","TREM2"
"scBSP","SPARK-X","SPARK-X only","TRH"
"scBSP","SPARK-X","SPARK-X only","TRHR"
"scBSP","SPARK-X","SPARK-X only","TRIM66"
"scBSP","SPARK-X","SPARK-X only","TTR"
"scBSP","SPARK-X","SPARK-X only","TTYH1"
"scBSP","SPARK-X","SPARK-X only","UGT8A"
"scBSP","SPARK-X","SPARK-X only","UNC5B"
"scBSP","SPARK-X","SPARK-X only","UTS2B"
"scBSP","SPARK-X","SPARK-X only","VCAN"
"scBSP","SPARK-X","SPARK-X only","VEGFA"
"scBSP","SPARK-X","SPARK-X only","VIM"
"scBSP","SPARK-X","SPARK-X only","VIP"
"scBSP","SPARK-X","SPARK-X only","VIPR1"
"scBSP","SPARK-X","SPARK-X only","VWC2"
"scBSP","SPARK-X","SPARK-X only","VWC2L"
"scBSP","SPARK-X","SPARK-X only","WFDC18"
"scBSP","SPARK-X","SPARK-X only","WFS1"
"scBSP","SPARK-X","SPARK-X only","WHRN"
"scBSP","SPARK-X","SPARK-X only","ZBTB20"
"scBSP","SPARK-X","SPARK-X only","ZFHX4"
"scBSP","SPARK-X","SPARK-X only","ZIC1"
"SPARK","SPARK-X","Overlap","ADCYAP1"
"SPARK","SPARK-X","Overlap","ADCYAP1R1"
"SPARK","SPARK-X","Overlap","ADORA1"
"SPARK","SPARK-X","Overlap","ADORA2A"
"SPARK","SPARK-X","Overlap","ADRB1"
"SPARK","SPARK-X","Overlap","AJAP1"
"SPARK","SPARK-X","Overlap","ALCAM"
"SPARK","SPARK-X","Overlap","ANXA11"
"SPARK","SPARK-X","Overlap","APLN"
"SPARK","SPARK-X","Overlap","APOD"
"SPARK","SPARK-X","Overlap","ARHGAP36"
"SPARK","SPARK-X","Overlap","ARHGAP6"
"SPARK","SPARK-X","Overlap","ASB4"
"SPARK","SPARK-X","Overlap","ASS1"
"SPARK","SPARK-X","Overlap","ATP2B4"
"SPARK","SPARK-X","Overlap","AVP"
"SPARK","SPARK-X","Overlap","B3GAT2"
"SPARK","SPARK-X","Overlap","BAIAP3"
"SPARK","SPARK-X","Overlap","BARHL1"
"SPARK","SPARK-X","Overlap","BCL11B"
"SPARK","SPARK-X","Overlap","BDNF"
"SPARK","SPARK-X","Overlap","C1QL2"
"SPARK","SPARK-X","Overlap","C1QL3"
"SPARK","SPARK-X","Overlap","C4B"
"SPARK","SPARK-X","Overlap","CABP7"
"SPARK","SPARK-X","Overlap","CACNA2D1"
"SPARK","SPARK-X","Overlap","CACNA2D2"
"SPARK","SPARK-X","Overlap","CACNG4"
"SPARK","SPARK-X","Overlap","CADM1"
"SPARK","SPARK-X","Overlap","CADM2"
"SPARK","SPARK-X","Overlap","CALB1"
"SPARK","SPARK-X","Overlap","CALB2"
"SPARK","SPARK-X","Overlap","CALCR"
"SPARK","SPARK-X","Overlap","CALCRL"
"SPARK","SPARK-X","Overlap","CAMK2D"
"SPARK","SPARK-X","Overlap","CAR10"
"SPARK","SPARK-X","Overlap","CAR2"
"SPARK","SPARK-X","Overlap","CAR4"
"SPARK","SPARK-X","Overlap","CAR8"
"SPARK","SPARK-X","Overlap","CARD10"
"SPARK","SPARK-X","Overlap","CARTPT"
"SPARK","SPARK-X","Overlap","CASP4"
"SPARK","SPARK-X","Overlap","CBLN1"
"SPARK","SPARK-X","Overlap","CBLN2"
"SPARK","SPARK-X","Overlap","CBLN3"
"SPARK","SPARK-X","Overlap","CBLN4"
"SPARK","SPARK-X","Overlap","CCK"
"SPARK","SPARK-X","Overlap","CCKAR"
"SPARK","SPARK-X","Overlap","CCL24"
"SPARK","SPARK-X","Overlap","CCL3"
"SPARK","SPARK-X","Overlap","CCNE1"
"SPARK","SPARK-X","Overlap","CCP110"
"SPARK","SPARK-X","Overlap","CCSAP"
"SPARK","SPARK-X","Overlap","CD74"
"SPARK","SPARK-X","Overlap","CDH13"
"SPARK","SPARK-X","Overlap","CDH7"
"SPARK","SPARK-X","Overlap","CENPF"
"SPARK","SPARK-X","Overlap","CHODL"
"SPARK","SPARK-X","Overlap","CHRM1"
"SPARK","SPARK-X","Overlap","CHRM2"
"SPARK","SPARK-X","Overlap","CHRM3"
"SPARK","SPARK-X","Overlap","CHRM4"
"SPARK","SPARK-X","Overlap","CHRM5"
"SPARK","SPARK-X","Overlap","CLDN10"
"SPARK","SPARK-X","Overlap","CLDN11"
"SPARK","SPARK-X","Overlap","CLEC2L"
"SPARK","SPARK-X","Overlap","CLU"
"SPARK","SPARK-X","Overlap","CNTNAP3"
"SPARK","SPARK-X","Overlap","COCH"
"SPARK","SPARK-X","Overlap","COL15A1"
"SPARK","SPARK-X","Overlap","COL18A1"
"SPARK","SPARK-X","Overlap","COL25A1"
"SPARK","SPARK-X","Overlap","COL6A1"
"SPARK","SPARK-X","Overlap","CPA6"
"SPARK","SPARK-X","Overlap","CPLX3"
"SPARK","SPARK-X","Overlap","CPNE4"
"SPARK","SPARK-X","Overlap","CPNE5"
"SPARK","SPARK-X","Overlap","CPNE6"
"SPARK","SPARK-X","Overlap","CREB3L1"
"SPARK","SPARK-X","Overlap","CRH"
"SPARK","SPARK-X","Overlap","CRYM"
"SPARK","SPARK-X","Overlap","CSPG5"
"SPARK","SPARK-X","Overlap","CSRP2"
"SPARK","SPARK-X","Overlap","CST3"
"SPARK","SPARK-X","Overlap","CTPS"
"SPARK","SPARK-X","Overlap","CTSS"
"SPARK","SPARK-X","Overlap","CUX2"
"SPARK","SPARK-X","Overlap","CYP26B1"
"SPARK","SPARK-X","Overlap","CYP2S1"
"SPARK","SPARK-X","Overlap","CYTH3"
"SPARK","SPARK-X","Overlap","DBPHT2"
"SPARK","SPARK-X","Overlap","DCLK3"
"SPARK","SPARK-X","Overlap","DCN"
"SPARK","SPARK-X","Overlap","DDIT4L"
"SPARK","SPARK-X","Overlap","DEPTOR"
"SPARK","SPARK-X","Overlap","DGKK"
"SPARK","SPARK-X","Overlap","DKK3"
"SPARK","SPARK-X","Overlap","DLK1"
"SPARK","SPARK-X","Overlap","DPY19L1"
"SPARK","SPARK-X","Overlap","DRD1"
"SPARK","SPARK-X","Overlap","DRD5"
"SPARK","SPARK-X","Overlap","EBF2"
"SPARK","SPARK-X","Overlap","EBF3"
"SPARK","SPARK-X","Overlap","ECEL1"
"SPARK","SPARK-X","Overlap","EFHD2"
"SPARK","SPARK-X","Overlap","EGLN3"
"SPARK","SPARK-X","Overlap","ELFN1"
"SPARK","SPARK-X","Overlap","EMX2"
"SPARK","SPARK-X","Overlap","ENPP6"
"SPARK","SPARK-X","Overlap","EOMES"
"SPARK","SPARK-X","Overlap","EPHA7"
"SPARK","SPARK-X","Overlap","ESRRG"
"SPARK","SPARK-X","Overlap","ETV1"
"SPARK","SPARK-X","Overlap","FABP7"
"SPARK","SPARK-X","Overlap","FAM107A"
"SPARK","SPARK-X","Overlap","FAM183B"
"SPARK","SPARK-X","Overlap","FAM214A"
"SPARK","SPARK-X","Overlap","FBLN5"
"SPARK","SPARK-X","Overlap","FEZF1"
"SPARK","SPARK-X","Overlap","FEZF2"
"SPARK","SPARK-X","Overlap","FGF10"
"SPARK","SPARK-X","Overlap","FGFR3"
"SPARK","SPARK-X","Overlap","FIBCD1"
"SPARK","SPARK-X","Overlap","FIGN"
"SPARK","SPARK-X","Overlap","FJX1"
"SPARK","SPARK-X","Overlap","FOXP2"
"SPARK","SPARK-X","Overlap","GABBR1"
"SPARK","SPARK-X","Overlap","GABBR2"
"SPARK","SPARK-X","Overlap","GABRA5"
"SPARK","SPARK-X","Overlap","GABRQ"
"SPARK","SPARK-X","Overlap","GAD1"
"SPARK","SPARK-X","Overlap","GAD2"
"SPARK","SPARK-X","Overlap","GAL"
"SPARK","SPARK-X","Overlap","GALNTL6"
"SPARK","SPARK-X","Overlap","GALR1"
"SPARK","SPARK-X","Overlap","GALR2"
"SPARK","SPARK-X","Overlap","GATA3"
"SPARK","SPARK-X","Overlap","GBX1"
"SPARK","SPARK-X","Overlap","GBX2"
"SPARK","SPARK-X","Overlap","GCHFR"
"SPARK","SPARK-X","Overlap","GFAP"
"SPARK","SPARK-X","Overlap","GFRA1"
"SPARK","SPARK-X","Overlap","GFRA2"
"SPARK","SPARK-X","Overlap","GHRH"
"SPARK","SPARK-X","Overlap","GHSR"
"SPARK","SPARK-X","Overlap","GJA1"
"SPARK","SPARK-X","Overlap","GLDC"
"SPARK","SPARK-X","Overlap","GLRA1"
"SPARK","SPARK-X","Overlap","GLRA3"
"SPARK","SPARK-X","Overlap","GM5741"
"SPARK","SPARK-X","Overlap","GNA14"
"SPARK","SPARK-X","Overlap","GNG4"
"SPARK","SPARK-X","Overlap","GNG8"
"SPARK","SPARK-X","Overlap","GPR101"
"SPARK","SPARK-X","Overlap","GPR119"
"SPARK","SPARK-X","Overlap","GPR139"
"SPARK","SPARK-X","Overlap","GPR34"
"SPARK","SPARK-X","Overlap","GPR88"
"SPARK","SPARK-X","Overlap","GPRASP2"
"SPARK","SPARK-X","Overlap","GPSM1"
"SPARK","SPARK-X","Overlap","GPX3"
"SPARK","SPARK-X","Overlap","GRIK1"
"SPARK","SPARK-X","Overlap","GRIK3"
"SPARK","SPARK-X","Overlap","GRM1"
"SPARK","SPARK-X","Overlap","GRM2"
"SPARK","SPARK-X","Overlap","GRM3"
"SPARK","SPARK-X","Overlap","GRM4"
"SPARK","SPARK-X","Overlap","GRM5"
"SPARK","SPARK-X","Overlap","GRM7"
"SPARK","SPARK-X","Overlap","GRM8"
"SPARK","SPARK-X","Overlap","H2-AB1"
"SPARK","SPARK-X","Overlap","HAP1"
"SPARK","SPARK-X","Overlap","HAPLN1"
"SPARK","SPARK-X","Overlap","HCRT"
"SPARK","SPARK-X","Overlap","HCRTR1"
"SPARK","SPARK-X","Overlap","HDC"
"SPARK","SPARK-X","Overlap","HHIP"
"SPARK","SPARK-X","Overlap","HOPX"
"SPARK","SPARK-X","Overlap","HOXA7"
"SPARK","SPARK-X","Overlap","HOXC5"
"SPARK","SPARK-X","Overlap","HPCAL1"
"SPARK","SPARK-X","Overlap","HPCAL4"
"SPARK","SPARK-X","Overlap","HRH3"
"SPARK","SPARK-X","Overlap","HS3ST2"
"SPARK","SPARK-X","Overlap","HS6ST2"
"SPARK","SPARK-X","Overlap","HTR1A"
"SPARK","SPARK-X","Overlap","HTR1B"
"SPARK","SPARK-X","Overlap","HTR1F"
"SPARK","SPARK-X","Overlap","HTR2A"
"SPARK","SPARK-X","Overlap","HTR2C"
"SPARK","SPARK-X","Overlap","HTR5B"
"SPARK","SPARK-X","Overlap","HTRA1"
"SPARK","SPARK-X","Overlap","ID4"
"SPARK","SPARK-X","Overlap","IFITM1"
"SPARK","SPARK-X","Overlap","IGFBP2"
"SPARK","SPARK-X","Overlap","IGFBP4"
"SPARK","SPARK-X","Overlap","IGFBP6"
"SPARK","SPARK-X","Overlap","IGSF1"
"SPARK","SPARK-X","Overlap","IGSF8"
"SPARK","SPARK-X","Overlap","IL1R1"
"SPARK","SPARK-X","Overlap","IL1RAPL2"
"SPARK","SPARK-X","Overlap","IL33"
"SPARK","SPARK-X","Overlap","INHBA"
"SPARK","SPARK-X","Overlap","IRS4"
"SPARK","SPARK-X","Overlap","IRX2"
"SPARK","SPARK-X","Overlap","IRX6"
"SPARK","SPARK-X","Overlap","ITIH3"
"SPARK","SPARK-X","Overlap","KCNAB1"
"SPARK","SPARK-X","Overlap","KCNAB3"
"SPARK","SPARK-X","Overlap","KCNC3"
"SPARK","SPARK-X","Overlap","KCND3"
"SPARK","SPARK-X","Overlap","KCNG1"
"SPARK","SPARK-X","Overlap","KCNS1"
"SPARK","SPARK-X","Overlap","KCTD12"
"SPARK","SPARK-X","Overlap","KITL"
"SPARK","SPARK-X","Overlap","KLHL1"
"SPARK","SPARK-X","Overlap","KRT15"
"SPARK","SPARK-X","Overlap","KRT27"
"SPARK","SPARK-X","Overlap","KRT73"
"SPARK","SPARK-X","Overlap","LAMP5"
"SPARK","SPARK-X","Overlap","LEF1"
"SPARK","SPARK-X","Overlap","LGI2"
"SPARK","SPARK-X","Overlap","LHX1"
"SPARK","SPARK-X","Overlap","LHX6"
"SPARK","SPARK-X","Overlap","LHX9"
"SPARK","SPARK-X","Overlap","LIMS2"
"SPARK","SPARK-X","Overlap","LINGO4"
"SPARK","SPARK-X","Overlap","LMO1"
"SPARK","SPARK-X","Overlap","LMO3"
"SPARK","SPARK-X","Overlap","LMX1A"
"SPARK","SPARK-X","Overlap","LPL"
"SPARK","SPARK-X","Overlap","LRRC55"
"SPARK","SPARK-X","Overlap","LSAMP"
"SPARK","SPARK-X","Overlap","LTK"
"SPARK","SPARK-X","Overlap","LY6G6E"
"SPARK","SPARK-X","Overlap","LYPD1"
"SPARK","SPARK-X","Overlap","LYPD6"
"SPARK","SPARK-X","Overlap","LYPD6B"
"SPARK","SPARK-X","Overlap","MAN1A"
"SPARK","SPARK-X","Overlap","MAOB"
"SPARK","SPARK-X","Overlap","MAP3K7CL"
"SPARK","SPARK-X","Overlap","MATN2"
"SPARK","SPARK-X","Overlap","MBP"
"SPARK","SPARK-X","Overlap","MC1R"
"SPARK","SPARK-X","Overlap","MDGA1"
"SPARK","SPARK-X","Overlap","MEIS2"
"SPARK","SPARK-X","Overlap","MFGE8"
"SPARK","SPARK-X","Overlap","MOG"
"SPARK","SPARK-X","Overlap","MOXD1"
"SPARK","SPARK-X","Overlap","MRAP2"
"SPARK","SPARK-X","Overlap","MYOC"
"SPARK","SPARK-X","Overlap","NDNF"
"SPARK","SPARK-X","Overlap","NDRG2"
"SPARK","SPARK-X","Overlap","NDST4"
"SPARK","SPARK-X","Overlap","NEFH"
"SPARK","SPARK-X","Overlap","NEFM"
"SPARK","SPARK-X","Overlap","NELL1"
"SPARK","SPARK-X","Overlap","NEUROD1"
"SPARK","SPARK-X","Overlap","NEUROD6"
"SPARK","SPARK-X","Overlap","NFATC2"
"SPARK","SPARK-X","Overlap","NGB"
"SPARK","SPARK-X","Overlap","NHLH2"
"SPARK","SPARK-X","Overlap","NINJ2"
"SPARK","SPARK-X","Overlap","NKX2-1"
"SPARK","SPARK-X","Overlap","NMB"
"SPARK","SPARK-X","Overlap","NOG"
"SPARK","SPARK-X","Overlap","NOS1"
"SPARK","SPARK-X","Overlap","NOTUM"
"SPARK","SPARK-X","Overlap","NOV"
"SPARK","SPARK-X","Overlap","NPAS1"
"SPARK","SPARK-X","Overlap","NPNT"
"SPARK","SPARK-X","Overlap","NPPA"
"SPARK","SPARK-X","Overlap","NPPC"
"SPARK","SPARK-X","Overlap","NPTX1"
"SPARK","SPARK-X","Overlap","NPTX2"
"SPARK","SPARK-X","Overlap","NPW"
"SPARK","SPARK-X","Overlap","NPY"
"SPARK","SPARK-X","Overlap","NPY2R"
"SPARK","SPARK-X","Overlap","NR2F2"
"SPARK","SPARK-X","Overlap","NR3C2"
"SPARK","SPARK-X","Overlap","NR4A2"
"SPARK","SPARK-X","Overlap","NR4A3"
"SPARK","SPARK-X","Overlap","NREP"
"SPARK","SPARK-X","Overlap","NRGN"
"SPARK","SPARK-X","Overlap","NRIP3"
"SPARK","SPARK-X","Overlap","NRP2"
"SPARK","SPARK-X","Overlap","NTNG1"
"SPARK","SPARK-X","Overlap","NTS"
"SPARK","SPARK-X","Overlap","NTSR1"
"SPARK","SPARK-X","Overlap","NTSR2"
"SPARK","SPARK-X","Overlap","NWD2"
"SPARK","SPARK-X","Overlap","NXPH1"
"SPARK","SPARK-X","Overlap","NXPH4"
"SPARK","SPARK-X","Overlap","NYAP2"
"SPARK","SPARK-X","Overlap","OLFM2"
"SPARK","SPARK-X","Overlap","OMP"
"SPARK","SPARK-X","Overlap","ONECUT2"
"SPARK","SPARK-X","Overlap","OPALIN"
"SPARK","SPARK-X","Overlap","OPRL1"
"SPARK","SPARK-X","Overlap","OSCP1"
"SPARK","SPARK-X","Overlap","OTOF"
"SPARK","SPARK-X","Overlap","OTP"
"SPARK","SPARK-X","Overlap","OXTR"
"SPARK","SPARK-X","Overlap","PARM1"
"SPARK","SPARK-X","Overlap","PAX6"
"SPARK","SPARK-X","Overlap","PAX7"
"SPARK","SPARK-X","Overlap","PCDH11X"
"SPARK","SPARK-X","Overlap","PCP4"
"SPARK","SPARK-X","Overlap","PDCD4"
"SPARK","SPARK-X","Overlap","PDE11A"
"SPARK","SPARK-X","Overlap","PDE1A"
"SPARK","SPARK-X","Overlap","PDE1C"
"SPARK","SPARK-X","Overlap","PDGFRA"
"SPARK","SPARK-X","Overlap","PDYN"
"SPARK","SPARK-X","Overlap","PEG10"
"SPARK","SPARK-X","Overlap","PENK"
"SPARK","SPARK-X","Overlap","PGLYRP1"
"SPARK","SPARK-X","Overlap","PGR"
"SPARK","SPARK-X","Overlap","PGR15L"
"SPARK","SPARK-X","Overlap","PHLDA1"
"SPARK","SPARK-X","Overlap","PHOX2A"
"SPARK","SPARK-X","Overlap","PHOX2B"
"SPARK","SPARK-X","Overlap","PIEZO2"
"SPARK","SPARK-X","Overlap","PIK3R3"
"SPARK","SPARK-X","Overlap","PITX2"
"SPARK","SPARK-X","Overlap","PLCH1"
"SPARK","SPARK-X","Overlap","PLCXD2"
"SPARK","SPARK-X","Overlap","PLTP"
"SPARK","SPARK-X","Overlap","PMCH"
"SPARK","SPARK-X","Overlap","PNOC"
"SPARK","SPARK-X","Overlap","POMC"
"SPARK","SPARK-X","Overlap","POSTN"
"SPARK","SPARK-X","Overlap","POU4F1"
"SPARK","SPARK-X","Overlap","POU6F2"
"SPARK","SPARK-X","Overlap","PPP1R14A"
"SPARK","SPARK-X","Overlap","PPP1R17"
"SPARK","SPARK-X","Overlap","PPP1R1B"
"SPARK","SPARK-X","Overlap","PPP2R2B"
"SPARK","SPARK-X","Overlap","PRDM12"
"SPARK","SPARK-X","Overlap","PRKCD"
"SPARK","SPARK-X","Overlap","PRKCG"
"SPARK","SPARK-X","Overlap","PRLR"
"SPARK","SPARK-X","Overlap","PROX1"
"SPARK","SPARK-X","Overlap","PRPH"
"SPARK","SPARK-X","Overlap","PRR5L"
"SPARK","SPARK-X","Overlap","PRRXL1"
"SPARK","SPARK-X","Overlap","PRSS12"
"SPARK","SPARK-X","Overlap","PRSS23"
"SPARK","SPARK-X","Overlap","PTGDS"
"SPARK","SPARK-X","Overlap","PTK2B"
"SPARK","SPARK-X","Overlap","PTPRK"
"SPARK","SPARK-X","Overlap","PTPRZ1"
"SPARK","SPARK-X","Overlap","PVALB"
"SPARK","SPARK-X","Overlap","RAB3B"
"SPARK","SPARK-X","Overlap","RASD1"
"SPARK","SPARK-X","Overlap","RBP4"
"SPARK","SPARK-X","Overlap","RELN"
"SPARK","SPARK-X","Overlap","RERG"
"SPARK","SPARK-X","Overlap","RESP18"
"SPARK","SPARK-X","Overlap","RGS4"
"SPARK","SPARK-X","Overlap","RGS8"
"SPARK","SPARK-X","Overlap","RGS9"
"SPARK","SPARK-X","Overlap","RIMS4"
"SPARK","SPARK-X","Overlap","RLN3"
"SPARK","SPARK-X","Overlap","RORA"
"SPARK","SPARK-X","Overlap","RORB"
"SPARK","SPARK-X","Overlap","RPP25"
"SPARK","SPARK-X","Overlap","RPRM"
"SPARK","SPARK-X","Overlap","RPS24"
"SPARK","SPARK-X","Overlap","RSPO1"
"SPARK","SPARK-X","Overlap","RXFP4"
"SPARK","SPARK-X","Overlap","RXRG"
"SPARK","SPARK-X","Overlap","SAPCD2"
"SPARK","SPARK-X","Overlap","SATB1"
"SPARK","SPARK-X","Overlap","SATB2"
"SPARK","SPARK-X","Overlap","SCN4B"
"SPARK","SPARK-X","Overlap","SCN5A"
"SPARK","SPARK-X","Overlap","SEMA3A"
"SPARK","SPARK-X","Overlap","SEMA3E"
"SPARK","SPARK-X","Overlap","SEMA4D"
"SPARK","SPARK-X","Overlap","SEMA5A"
"SPARK","SPARK-X","Overlap","SERPINF1"
"SPARK","SPARK-X","Overlap","SEZ6"
"SPARK","SPARK-X","Overlap","SIM1"
"SPARK","SPARK-X","Overlap","SIX3"
"SPARK","SPARK-X","Overlap","SKOR1"
"SPARK","SPARK-X","Overlap","SLC17A6"
"SPARK","SPARK-X","Overlap","SLC17A7"
"SPARK","SPARK-X","Overlap","SLC17A8"
"SPARK","SPARK-X","Overlap","SLC1A3"
"SPARK","SPARK-X","Overlap","SLC24A2"
"SPARK","SPARK-X","Overlap","SLC30A3"
"SPARK","SPARK-X","Overlap","SLC32A1"
"SPARK","SPARK-X","Overlap","SLC6A11"
"SPARK","SPARK-X","Overlap","SLC7A10"
"SPARK","SPARK-X","Overlap","SLCO3A1"
"SPARK","SPARK-X","Overlap","SMIM17"
"SPARK","SPARK-X","Overlap","SMOC1"
"SPARK","SPARK-X","Overlap","SNCG"
"SPARK","SPARK-X","Overlap","SNTB1"
"SPARK","SPARK-X","Overlap","SORCS1"
"SPARK","SPARK-X","Overlap","SOST"
"SPARK","SPARK-X","Overlap","SOSTDC1"
"SPARK","SPARK-X","Overlap","SOX4"
"SPARK","SPARK-X","Overlap","SP9"
"SPARK","SPARK-X","Overlap","SPARC"
"SPARK","SPARK-X","Overlap","SPHKAP"
"SPARK","SPARK-X","Overlap","SPON1"
"SPARK","SPARK-X","Overlap","SST"
"SPARK","SPARK-X","Overlap","ST18"
"SPARK","SPARK-X","Overlap","ST8SIA6"
"SPARK","SPARK-X","Overlap","STEAP2"
"SPARK","SPARK-X","Overlap","STK32B"
"SPARK","SPARK-X","Overlap","STMN2"
"SPARK","SPARK-X","Overlap","SULF1"
"SPARK","SPARK-X","Overlap","SULF2"
"SPARK","SPARK-X","Overlap","SUMO2"
"SPARK","SPARK-X","Overlap","SV2C"
"SPARK","SPARK-X","Overlap","SYNPO2"
"SPARK","SPARK-X","Overlap","SYNPR"
"SPARK","SPARK-X","Overlap","SYT15"
"SPARK","SPARK-X","Overlap","SYT2"
"SPARK","SPARK-X","Overlap","SYT6"
"SPARK","SPARK-X","Overlap","TAC1"
"SPARK","SPARK-X","Overlap","TAC2"
"SPARK","SPARK-X","Overlap","TBR1"
"SPARK","SPARK-X","Overlap","TCAP"
"SPARK","SPARK-X","Overlap","TCF4"
"SPARK","SPARK-X","Overlap","TCF7L2"
"SPARK","SPARK-X","Overlap","TEKT5"
"SPARK","SPARK-X","Overlap","TFAP2C"
"SPARK","SPARK-X","Overlap","TH"
"SPARK","SPARK-X","Overlap","THRSP"
"SPARK","SPARK-X","Overlap","TIAM1"
"SPARK","SPARK-X","Overlap","TMEM132C"
"SPARK","SPARK-X","Overlap","TMEM163"
"SPARK","SPARK-X","Overlap","TMEM215"
"SPARK","SPARK-X","Overlap","TMEM233"
"SPARK","SPARK-X","Overlap","TMEM255A"
"SPARK","SPARK-X","Overlap","TMEM88B"
"SPARK","SPARK-X","Overlap","TMSB4X"
"SPARK","SPARK-X","Overlap","TNR"
"SPARK","SPARK-X","Overlap","TOX"
"SPARK","SPARK-X","Overlap","TPBG"
"SPARK","SPARK-X","Overlap","TRAF3IP3"
"SPARK","SPARK-X","Overlap","TRAPPC3L"
"SPARK","SPARK-X","Overlap","TRF"
"SPARK","SPARK-X","Overlap","TRH"
"SPARK","SPARK-X","Overlap","TRHR"
"SPARK","SPARK-X","Overlap","TRIM66"
"SPARK","SPARK-X","Overlap","TSHZ2"
"SPARK","SPARK-X","Overlap","TTR"
"SPARK","SPARK-X","Overlap","TTYH1"
"SPARK","SPARK-X","Overlap","UGT8A"
"SPARK","SPARK-X","Overlap","UTS2B"
"SPARK","SPARK-X","Overlap","VAMP1"
"SPARK","SPARK-X","Overlap","VEGFA"
"SPARK","SPARK-X","Overlap","VIM"
"SPARK","SPARK-X","Overlap","VIP"
"SPARK","SPARK-X","Overlap","VIPR1"
"SPARK","SPARK-X","Overlap","VWC2L"
"SPARK","SPARK-X","Overlap","WFDC18"
"SPARK","SPARK-X","Overlap","WFS1"
"SPARK","SPARK-X","Overlap","WHRN"
"SPARK","SPARK-X","Overlap","ZBTB20"
"SPARK","SPARK-X","Overlap","ZFHX4"
"SPARK","SPARK-X","Overlap","ZIC1"
"SPARK","SPARK-X","SPARK only","ABCC9"
"SPARK","SPARK-X","SPARK only","ACBD7"
"SPARK","SPARK-X","SPARK only","ACTA2"
"SPARK","SPARK-X","SPARK only","ADA"
"SPARK","SPARK-X","SPARK only","ADAMTS15"
"SPARK","SPARK-X","SPARK only","ADARB2"
"SPARK","SPARK-X","SPARK only","ADGRG2"
"SPARK","SPARK-X","SPARK only","ADM"
"SPARK","SPARK-X","SPARK only","ADORA2B"
"SPARK","SPARK-X","SPARK only","ADORA3"
"SPARK","SPARK-X","SPARK only","ADRA1B"
"SPARK","SPARK-X","SPARK only","ADRB3"
"SPARK","SPARK-X","SPARK only","AFP"
"SPARK","SPARK-X","SPARK only","AGTR2"
"SPARK","SPARK-X","SPARK only","ANGPT2"
"SPARK","SPARK-X","SPARK only","ANLN"
"SPARK","SPARK-X","SPARK only","ANPEP"
"SPARK","SPARK-X","SPARK only","APOLD1"
"SPARK","SPARK-X","SPARK only","AQP1"
"SPARK","SPARK-X","SPARK only","AQP4"
"SPARK","SPARK-X","SPARK only","ASIC4"
"SPARK","SPARK-X","SPARK only","ATF3"
"SPARK","SPARK-X","SPARK only","BCL6"
"SPARK","SPARK-X","SPARK only","BIRC5"
"SPARK","SPARK-X","SPARK only","BMP3"
"SPARK","SPARK-X","SPARK only","BMP4"
"SPARK","SPARK-X","SPARK only","BRCA1"
"SPARK","SPARK-X","SPARK only","C1QL1"
"SPARK","SPARK-X","SPARK only","CALCA"
"SPARK","SPARK-X","SPARK only","CAR3"
"SPARK","SPARK-X","SPARK only","CASP8"
"SPARK","SPARK-X","SPARK only","CASR"
"SPARK","SPARK-X","SPARK only","CBR2"
"SPARK","SPARK-X","SPARK only","CCKBR"
"SPARK","SPARK-X","SPARK only","CCL4"
"SPARK","SPARK-X","SPARK only","CCN4"
"SPARK","SPARK-X","SPARK only","CCND2"
"SPARK","SPARK-X","SPARK only","CCRL2"
"SPARK","SPARK-X","SPARK only","CDC20"
"SPARK","SPARK-X","SPARK only","CDK1"
"SPARK","SPARK-X","SPARK only","CDKN1C"
"SPARK","SPARK-X","SPARK only","CEMIP"
"SPARK","SPARK-X","SPARK only","CFAP126"
"SPARK","SPARK-X","SPARK only","CHAT"
"SPARK","SPARK-X","SPARK only","CHRNA2"
"SPARK","SPARK-X","SPARK only","CHRNA3"
"SPARK","SPARK-X","SPARK only","CKS2"
"SPARK","SPARK-X","SPARK only","CLIC5"
"SPARK","SPARK-X","SPARK only","CNKSR3"
"SPARK","SPARK-X","SPARK only","CNN1"
"SPARK","SPARK-X","SPARK only","CNPY1"
"SPARK","SPARK-X","SPARK only","COL20A1"
"SPARK","SPARK-X","SPARK only","COL24A1"
"SPARK","SPARK-X","SPARK only","COL5A1"
"SPARK","SPARK-X","SPARK only","COL9A2"
"SPARK","SPARK-X","SPARK only","COX4I2"
"SPARK","SPARK-X","SPARK only","COX6A2"
"SPARK","SPARK-X","SPARK only","CPB1"
"SPARK","SPARK-X","SPARK only","CPXM2"
"SPARK","SPARK-X","SPARK only","CRHBP"
"SPARK","SPARK-X","SPARK only","CRISP1"
"SPARK","SPARK-X","SPARK only","DAPL1"
"SPARK","SPARK-X","SPARK only","DEGS2"
"SPARK","SPARK-X","SPARK only","DLX1"
"SPARK","SPARK-X","SPARK only","DLX5"
"SPARK","SPARK-X","SPARK only","DRD3"
"SPARK","SPARK-X","SPARK only","DRD4"
"SPARK","SPARK-X","SPARK only","EBF1"
"SPARK","SPARK-X","SPARK only","ECSCR"
"SPARK","SPARK-X","SPARK only","EFHD1"
"SPARK","SPARK-X","SPARK only","EFNA5"
"SPARK","SPARK-X","SPARK only","EMID1"
"SPARK","SPARK-X","SPARK only","EN1"
"SPARK","SPARK-X","SPARK only","EPYC"
"SPARK","SPARK-X","SPARK only","FAM169B"
"SPARK","SPARK-X","SPARK only","FAM216B"
"SPARK","SPARK-X","SPARK only","FAM92B"
"SPARK","SPARK-X","SPARK only","FAT2"
"SPARK","SPARK-X","SPARK only","FBLN2"
"SPARK","SPARK-X","SPARK only","FBP2"
"SPARK","SPARK-X","SPARK only","FOLR1"
"SPARK","SPARK-X","SPARK only","FOS"
"SPARK","SPARK-X","SPARK only","FSHR"
"SPARK","SPARK-X","SPARK only","GABRA6"
"SPARK","SPARK-X","SPARK only","GABRR2"
"SPARK","SPARK-X","SPARK only","GAST"
"SPARK","SPARK-X","SPARK only","GCH1"
"SPARK","SPARK-X","SPARK only","GIPR"
"SPARK","SPARK-X","SPARK only","GJB2"
"SPARK","SPARK-X","SPARK only","GPR50"
"SPARK","SPARK-X","SPARK only","GPSM3"
"SPARK","SPARK-X","SPARK only","GPX2"
"SPARK","SPARK-X","SPARK only","GRIN2C"
"SPARK","SPARK-X","SPARK only","GRP"
"SPARK","SPARK-X","SPARK only","HOXA5"
"SPARK","SPARK-X","SPARK only","HOXB7"
"SPARK","SPARK-X","SPARK only","HOXB9"
"SPARK","SPARK-X","SPARK only","HOXC4"
"SPARK","SPARK-X","SPARK only","HRH1"
"SPARK","SPARK-X","SPARK only","HS3ST4"
"SPARK","SPARK-X","SPARK only","HSPA1A"
"SPARK","SPARK-X","SPARK only","HSPB7"
"SPARK","SPARK-X","SPARK only","HTR1D"
"SPARK","SPARK-X","SPARK only","HTR2B"
"SPARK","SPARK-X","SPARK only","ID2"
"SPARK","SPARK-X","SPARK only","IGF2"
"SPARK","SPARK-X","SPARK only","IGFBPL1"
"SPARK","SPARK-X","SPARK only","IL23A"
"SPARK","SPARK-X","SPARK only","ISL1"
"SPARK","SPARK-X","SPARK only","ISL2"
"SPARK","SPARK-X","SPARK only","KCNC2"
"SPARK","SPARK-X","SPARK only","KCNJ8"
"SPARK","SPARK-X","SPARK only","KCNMB2"
"SPARK","SPARK-X","SPARK only","KISS1R"
"SPARK","SPARK-X","SPARK only","KIT"
"SPARK","SPARK-X","SPARK only","KL"
"SPARK","SPARK-X","SPARK only","KLHL14"
"SPARK","SPARK-X","SPARK only","KLK6"
"SPARK","SPARK-X","SPARK only","KRT12"
"SPARK","SPARK-X","SPARK only","KRT17"
"SPARK","SPARK-X","SPARK only","KRT19"
"SPARK","SPARK-X","SPARK only","LANCL3"
"SPARK","SPARK-X","SPARK only","LBP"
"SPARK","SPARK-X","SPARK only","LBX1"
"SPARK","SPARK-X","SPARK only","LCN2"
"SPARK","SPARK-X","SPARK only","LHX2"
"SPARK","SPARK-X","SPARK only","LHX8"
"SPARK","SPARK-X","SPARK only","LMCD1"
"SPARK","SPARK-X","SPARK only","LPAR3"
"SPARK","SPARK-X","SPARK only","LRRTM2"
"SPARK","SPARK-X","SPARK only","LY6C1"
"SPARK","SPARK-X","SPARK only","MAB21L2"
"SPARK","SPARK-X","SPARK only","MEGF11"
"SPARK","SPARK-X","SPARK only","MEOX1"
"SPARK","SPARK-X","SPARK only","MFAP4"
"SPARK","SPARK-X","SPARK only","MFSD2A"
"SPARK","SPARK-X","SPARK only","MGP"
"SPARK","SPARK-X","SPARK only","MGST1"
"SPARK","SPARK-X","SPARK only","MIA"
"SPARK","SPARK-X","SPARK only","MKI67"
"SPARK","SPARK-X","SPARK only","MMP2"
"SPARK","SPARK-X","SPARK only","MNS1"
"SPARK","SPARK-X","SPARK only","MRC1"
"SPARK","SPARK-X","SPARK only","MREG"
"SPARK","SPARK-X","SPARK only","MUSTN1"
"SPARK","SPARK-X","SPARK only","MYH8"
"SPARK","SPARK-X","SPARK only","MYL4"
"SPARK","SPARK-X","SPARK only","NCMAP"
"SPARK","SPARK-X","SPARK only","NECAB1"
"SPARK","SPARK-X","SPARK only","NFIB"
"SPARK","SPARK-X","SPARK only","NGFR"
"SPARK","SPARK-X","SPARK only","NKX2-9"
"SPARK","SPARK-X","SPARK only","NMBR"
"SPARK","SPARK-X","SPARK only","NMS"
"SPARK","SPARK-X","SPARK only","NMU"
"SPARK","SPARK-X","SPARK only","NMUR2"
"SPARK","SPARK-X","SPARK only","NPBWR1"
"SPARK","SPARK-X","SPARK only","NPFF"
"SPARK","SPARK-X","SPARK only","NPFFR1"
"SPARK","SPARK-X","SPARK only","NPFFR2"
"SPARK","SPARK-X","SPARK only","NPPB"
"SPARK","SPARK-X","SPARK only","NPY1R"
"SPARK","SPARK-X","SPARK only","NPY4R"
"SPARK","SPARK-X","SPARK only","NPY5R"
"SPARK","SPARK-X","SPARK only","NRTN"
"SPARK","SPARK-X","SPARK only","OPRD1"
"SPARK","SPARK-X","SPARK only","OPRK1"
"SPARK","SPARK-X","SPARK only","OPRM1"
"SPARK","SPARK-X","SPARK only","OTX1"
"SPARK","SPARK-X","SPARK only","PALM3"
"SPARK","SPARK-X","SPARK only","PAPPA"
"SPARK","SPARK-X","SPARK only","PAPPA2"
"SPARK","SPARK-X","SPARK only","PAQR5"
"SPARK","SPARK-X","SPARK only","PARP14"
"SPARK","SPARK-X","SPARK only","PAX5"
"SPARK","SPARK-X","SPARK only","PCSK5"
"SPARK","SPARK-X","SPARK only","PDZK1IP1"
"SPARK","SPARK-X","SPARK only","PF4"
"SPARK","SPARK-X","SPARK only","PGAM2"
"SPARK","SPARK-X","SPARK only","PI16"
"SPARK","SPARK-X","SPARK only","PKD1L2"
"SPARK","SPARK-X","SPARK only","PKIB"
"SPARK","SPARK-X","SPARK only","PLA2G5"
"SPARK","SPARK-X","SPARK only","PLIN3"
"SPARK","SPARK-X","SPARK only","PNMT"
"SPARK","SPARK-X","SPARK only","PRKCQ"
"SPARK","SPARK-X","SPARK only","PRLHR"
"SPARK","SPARK-X","SPARK only","PROKR1"
"SPARK","SPARK-X","SPARK only","PRSS35"
"SPARK","SPARK-X","SPARK only","PTGFR"
"SPARK","SPARK-X","SPARK only","PTHLH"
"SPARK","SPARK-X","SPARK only","PTPN3"
"SPARK","SPARK-X","SPARK only","PYY"
"SPARK","SPARK-X","SPARK only","RAB37"
"SPARK","SPARK-X","SPARK only","RAMP3"
"SPARK","SPARK-X","SPARK only","RARRES1"
"SPARK","SPARK-X","SPARK only","RASL10A"
"SPARK","SPARK-X","SPARK only","RASL11A"
"SPARK","SPARK-X","SPARK only","RET"
"SPARK","SPARK-X","SPARK only","RGS12"
"SPARK","SPARK-X","SPARK only","RGS16"
"SPARK","SPARK-X","SPARK only","RNF152"
"SPARK","SPARK-X","SPARK only","RRM2"
"SPARK","SPARK-X","SPARK only","RSPO3"
"SPARK","SPARK-X","SPARK only","RUNX1"
"SPARK","SPARK-X","SPARK only","RXFP1"
"SPARK","SPARK-X","SPARK only","SAG"
"SPARK","SPARK-X","SPARK only","SALL3"
"SPARK","SPARK-X","SPARK only","SCGN"
"SPARK","SPARK-X","SPARK only","SCN10A"
"SPARK","SPARK-X","SPARK only","SCUBE1"
"SPARK","SPARK-X","SPARK only","SEMA3C"
"SPARK","SPARK-X","SPARK only","SEMA3G"
"SPARK","SPARK-X","SPARK only","SERPINB1B"
"SPARK","SPARK-X","SPARK only","SFRP2"
"SPARK","SPARK-X","SPARK only","SHOX2"
"SPARK","SPARK-X","SPARK only","SIX6"
"SPARK","SPARK-X","SPARK only","SLA"
"SPARK","SPARK-X","SPARK only","SLA2"
"SPARK","SPARK-X","SPARK only","SLC13A3"
"SPARK","SPARK-X","SPARK only","SLC18A2"
"SPARK","SPARK-X","SPARK only","SLC18A3"
"SPARK","SPARK-X","SPARK only","SLC22A4"
"SPARK","SPARK-X","SPARK only","SLC34A2"
"SPARK","SPARK-X","SPARK only","SLC5A7"
"SPARK","SPARK-X","SPARK only","SLC6A2"
"SPARK","SPARK-X","SPARK only","SLC6A3"
"SPARK","SPARK-X","SPARK only","SLC6A4"
"SPARK","SPARK-X","SPARK only","SLC6A5"
"SPARK","SPARK-X","SPARK only","SOCS3"
"SPARK","SPARK-X","SPARK only","SOX11"
"SPARK","SPARK-X","SPARK only","SOX14"
"SPARK","SPARK-X","SPARK only","SPDEF"
"SPARK","SPARK-X","SPARK only","SPON2"
"SPARK","SPARK-X","SPARK only","SSTR2"
"SPARK","SPARK-X","SPARK only","ST8SIA4"
"SPARK","SPARK-X","SPARK only","STAC2"
"SPARK","SPARK-X","SPARK only","STARD8"
"SPARK","SPARK-X","SPARK only","TACR1"
"SPARK","SPARK-X","SPARK only","TACR3"
"SPARK","SPARK-X","SPARK only","TAGLN"
"SPARK","SPARK-X","SPARK only","TBX18"
"SPARK","SPARK-X","SPARK only","TBXA2R"
"SPARK","SPARK-X","SPARK only","TEK"
"SPARK","SPARK-X","SPARK only","TFAP2D"
"SPARK","SPARK-X","SPARK only","TGFB2"
"SPARK","SPARK-X","SPARK only","THBD"
"SPARK","SPARK-X","SPARK only","TIAM2"
"SPARK","SPARK-X","SPARK only","TM4SF4"
"SPARK","SPARK-X","SPARK only","TMC3"
"SPARK","SPARK-X","SPARK only","TMEM114"
"SPARK","SPARK-X","SPARK only","TMEM141"
"SPARK","SPARK-X","SPARK only","TMEM255B"
"SPARK","SPARK-X","SPARK only","TMEM72"
"SPARK","SPARK-X","SPARK only","TNNC1"
"SPARK","SPARK-X","SPARK only","TNNI3"
"SPARK","SPARK-X","SPARK only","TNNT3"
"SPARK","SPARK-X","SPARK only","TOP2A"
"SPARK","SPARK-X","SPARK only","TPD52L1"
"SPARK","SPARK-X","SPARK only","TRIM54"
"SPARK","SPARK-X","SPARK only","TUBGCP2"
"SPARK","SPARK-X","SPARK only","UCN"
"SPARK","SPARK-X","SPARK only","VGLL3"
"SPARK","SPARK-X","SPARK only","VSIG8"
"SPARK","SPARK-X","SPARK only","VTN"
"SPARK","SPARK-X","SPARK only","VWF"
"SPARK","SPARK-X","SPARK only","WFDC12"
"SPARK","SPARK-X","SPARK only","WFDC2"
"SPARK","SPARK-X","SPARK only","WIF1"
"SPARK","SPARK-X","SPARK only","YJEFN3"
"SPARK","SPARK-X","SPARK only","ZMYM1"
"SPARK","SPARK-X","SPARK-X only","ANXA1"
"SPARK","SPARK-X","SPARK-X only","ARAP2"
"SPARK","SPARK-X","SPARK-X only","ASIC3"
"SPARK","SPARK-X","SPARK-X only","CITED1"
"SPARK","SPARK-X","SPARK-X only","CLIC6"
"SPARK","SPARK-X","SPARK-X only","CRIM1"
"SPARK","SPARK-X","SPARK-X only","CTSC"
"SPARK","SPARK-X","SPARK-X only","CXCL14"
"SPARK","SPARK-X","SPARK-X only","CXCL2"
"SPARK","SPARK-X","SPARK-X only","DAD1"
"SPARK","SPARK-X","SPARK-X only","FAM181B"
"SPARK","SPARK-X","SPARK-X only","FAM184A"
"SPARK","SPARK-X","SPARK-X only","FN1"
"SPARK","SPARK-X","SPARK-X only","FRZB"
"SPARK","SPARK-X","SPARK-X only","HDHD3"
"SPARK","SPARK-X","SPARK-X only","INPP5J"
"SPARK","SPARK-X","SPARK-X only","KIF5B"
"SPARK","SPARK-X","SPARK-X only","LRPPRC"
"SPARK","SPARK-X","SPARK-X only","MLC1"
"SPARK","SPARK-X","SPARK-X only","MLF1"
"SPARK","SPARK-X","SPARK-X only","NEUROD2"
"SPARK","SPARK-X","SPARK-X only","OLFML2A"
"SPARK","SPARK-X","SPARK-X only","OTX2"
"SPARK","SPARK-X","SPARK-X only","PBX3"
"SPARK","SPARK-X","SPARK-X only","PCDH20"
"SPARK","SPARK-X","SPARK-X only","PDGFA"
"SPARK","SPARK-X","SPARK-X only","RELL1"
"SPARK","SPARK-X","SPARK-X only","S1PR1"
"SPARK","SPARK-X","SPARK-X only","TFAP2B"
"SPARK","SPARK-X","SPARK-X only","TIMP4"
"SPARK","SPARK-X","SPARK-X only","TNNT1"
"SPARK","SPARK-X","SPARK-X only","TREM2"
"SPARK","SPARK-X","SPARK-X only","UNC5B"
"SPARK","SPARK-X","SPARK-X only","VCAN"
"SPARK","SPARK-X","SPARK-X only","VWC2"
